schema_version,panel,formula_id,parameters_json,tree_shape,monitor_id,trace_length,batch_size,repetitions,n_atoms,ast_depth,dfa_states,cube_count,dense_tensor_bytes,cube_tensor_bytes,persistent_bytes,total_rules,fallbacks,compile_s_median,compile_s_ci95_low,compile_s_ci95_high,latency_s_per_trace_median,latency_s_per_trace_ci95_low,latency_s_per_trace_ci95_high,throughput_traces_s_median,throughput_traces_s_ci95_low,throughput_traces_s_ci95_high
rq3.v1,tree_shape,ijcnn_balanced_n4,"{""n_atoms"": 4}",balanced,rulerunner_original_flat,32,1,5,4,4,,,,,65148,132,0,0.04292447199986782,0.03979497500040452,0.047597643999324646,0.004792893818045162,0.004070716181807008,0.005458886199994595,208.64221866026267,183.1875520689532,245.65701840605743
rq3.v1,tree_shape,ijcnn_balanced_n4,"{""n_atoms"": 4}",balanced,rulerunner_original_flat,32,64,5,4,4,,,,,65148,132,0,0.04292447199986782,0.03979497500040452,0.047597643999324646,0.00022723482422293273,0.00021825088671789672,0.0002605091927042243,4400.733925443278,3838.636132642641,4581.882873596588
rq3.v1,tree_shape,ijcnn_balanced_n4,"{""n_atoms"": 4}",balanced,rulerunner_original_structured,32,1,5,4,4,,,,,69468,132,0,0.04161290599950007,0.039840339002694236,0.04263857800106052,0.022790651999457623,0.021581448500000988,0.026056239501485834,43.87763895582269,38.37852349887158,46.3360927789418
rq3.v1,tree_shape,ijcnn_balanced_n4,"{""n_atoms"": 4}",balanced,rulerunner_original_structured,32,64,5,4,4,,,,,69468,132,0,0.04161290599950007,0.039840339002694236,0.04263857800106052,0.0008670437343880621,0.0007937138906299879,0.000952911015644986,1153.3443589276094,1049.415930324975,1259.8998351991527
rq3.v1,tree_shape,ijcnn_left_deep_n4,"{""n_atoms"": 4}",left_deep,rulerunner_original_flat,32,1,5,4,4,,,,,65148,132,0,0.0397726680021151,0.039447512001061114,0.0406639909997466,0.00392300292852659,0.0037820692500645237,0.004350588499922499,254.9067686716161,229.8539611406167,264.4055235061969
rq3.v1,tree_shape,ijcnn_left_deep_n4,"{""n_atoms"": 4}",left_deep,rulerunner_original_flat,32,64,5,4,4,,,,,65148,132,0,0.0397726680021151,0.039447512001061114,0.0406639909997466,0.00022618155860243405,0.00018671953645821304,0.0005910729257863068,4421.22693900845,1691.8386147863157,5355.625977701564
rq3.v1,tree_shape,ijcnn_left_deep_n4,"{""n_atoms"": 4}",left_deep,rulerunner_original_structured,32,1,5,4,4,,,,,69468,132,0,0.04193242999826907,0.03928326299865148,0.05348316199888359,0.023829825499888102,0.02264431200001127,0.0334707409983821,41.9642183281911,29.876840792031995,44.16120039326001
rq3.v1,tree_shape,ijcnn_left_deep_n4,"{""n_atoms"": 4}",left_deep,rulerunner_original_structured,32,64,5,4,4,,,,,69468,132,0,0.04193242999826907,0.03928326299865148,0.05348316199888359,0.000936875234344825,0.0008663725468522898,0.0010260884374702073,1067.377985179979,974.5748645852325,1154.2378664157889
rq3.v1,tree_shape,ijcnn_balanced_n8,"{""n_atoms"": 8}",balanced,rulerunner_original_flat,32,1,5,8,5,,,,,394092,348,0,0.055230150999705074,0.05361925399847678,0.0948696640007256,0.0076516185714094066,0.006058071222165988,0.008448473250155075,130.6913028488563,118.36458143270379,165.06903985233478
rq3.v1,tree_shape,ijcnn_balanced_n8,"{""n_atoms"": 8}",balanced,rulerunner_original_flat,32,64,5,8,5,,,,,394092,348,0,0.055230150999705074,0.05361925399847678,0.0948696640007256,0.00037969107812330094,0.00034297844140951383,0.0005548539843687195,2633.7200361480704,1802.2759647977327,2915.6351515575498
rq3.v1,tree_shape,ijcnn_balanced_n8,"{""n_atoms"": 8}",balanced,rulerunner_original_structured,32,1,5,8,5,,,,,417612,348,0,0.04486203499982366,0.044153776001621736,0.04904497099778382,0.05295425899748807,0.04866668899921933,0.05775506050122203,18.884222325676124,17.314500085734323,20.547935776276894
rq3.v1,tree_shape,ijcnn_balanced_n8,"{""n_atoms"": 8}",balanced,rulerunner_original_structured,32,64,5,8,5,,,,,417612,348,0,0.04486203499982366,0.044153776001621736,0.04904497099778382,0.0023548107812416674,0.002239679984427312,0.00238660554686021,424.6625707534388,419.00514365081744,446.4923591553643
rq3.v1,tree_shape,ijcnn_left_deep_n8,"{""n_atoms"": 8}",left_deep,rulerunner_original_flat,32,1,5,8,8,,,,,394092,348,0,0.06484901300063939,0.04782084800172015,0.08983398700001999,0.00740507058314203,0.006476359125372255,0.008342716642800951,135.04260206196335,119.86503231689095,154.40774370932078
rq3.v1,tree_shape,ijcnn_left_deep_n8,"{""n_atoms"": 8}",left_deep,rulerunner_original_flat,32,64,5,8,8,,,,,394092,348,0,0.06484901300063939,0.04782084800172015,0.08983398700001999,0.0004421953125017808,0.0004039129296984356,0.0005498055000145996,2261.444144087287,1818.8250207999845,2475.7811064543225
rq3.v1,tree_shape,ijcnn_left_deep_n8,"{""n_atoms"": 8}",left_deep,rulerunner_original_structured,32,1,5,8,8,,,,,417612,348,0,0.046036079998884816,0.04335187900142046,0.048689993000152754,0.049500204500873224,0.048715541499404935,0.05035667599804583,20.201936741137285,19.858340134261574,20.527330072112925
rq3.v1,tree_shape,ijcnn_left_deep_n8,"{""n_atoms"": 8}",left_deep,rulerunner_original_structured,32,64,5,8,8,,,,,417612,348,0,0.046036079998884816,0.04335187900142046,0.048689993000152754,0.00219907590621915,0.0020146379530956438,0.0027374543437304055,454.7364632443681,365.30289620731065,496.3671008299155
rq3.v1,tree_shape,ijcnn_balanced_n16,"{""n_atoms"": 16}",balanced,rulerunner_original_flat,32,1,5,16,6,,,,,1881420,780,0,0.07117415600077948,0.0661634550015151,0.08689180100191152,0.0076628172854335775,0.0068424035001347265,0.008531441666491446,130.500305925462,117.21348385087767,146.14747580734021
rq3.v1,tree_shape,ijcnn_balanced_n16,"{""n_atoms"": 16}",balanced,rulerunner_original_flat,32,64,5,16,6,,,,,1881420,780,0,0.07117415600077948,0.0661634550015151,0.08689180100191152,0.0006885434531227475,0.0006503305078240373,0.0008006541406189172,1452.341163748933,1248.9787403422226,1537.6796689823664
rq3.v1,tree_shape,ijcnn_balanced_n16,"{""n_atoms"": 16}",balanced,rulerunner_original_structured,32,1,5,16,6,,,,,1989420,780,0,0.054213196999626234,0.053476398999919184,0.05633799499992165,0.10734198999853106,0.10539293799956795,0.142165624001791,9.316018829292103,7.034049243770787,9.488301768417344
rq3.v1,tree_shape,ijcnn_balanced_n16,"{""n_atoms"": 16}",balanced,rulerunner_original_structured,32,64,5,16,6,,,,,1989420,780,0,0.054213196999626234,0.053476398999919184,0.05633799499992165,0.00687761485937699,0.006135990109328304,0.007161996796867243,145.39924384346597,139.625865294636,162.97288329714536
rq3.v1,tree_shape,ijcnn_left_deep_n16,"{""n_atoms"": 16}",left_deep,rulerunner_original_flat,32,1,5,16,16,,,,,1881420,780,0,0.0676101019998896,0.063976443001593,0.08105783100108965,0.009550819833142063,0.00784460687509636,0.01418534374988667,104.70305350436252,70.49529554107487,127.4761139623987
rq3.v1,tree_shape,ijcnn_left_deep_n16,"{""n_atoms"": 16}",left_deep,rulerunner_original_flat,32,64,5,16,16,,,,,1881420,780,0,0.0676101019998896,0.063976443001593,0.08105783100108965,0.001165656484374722,0.0010061259687290658,0.0014401775312649079,857.8856750721179,694.3588399978022,993.9113302712939
rq3.v1,tree_shape,ijcnn_left_deep_n16,"{""n_atoms"": 16}",left_deep,rulerunner_original_structured,32,1,5,16,16,,,,,1989420,780,0,0.06027763200108893,0.05568400400079554,0.06295416799912346,0.11030358800053364,0.10716279900225345,0.11939527299909969,9.065888228360823,8.375540964737697,9.331596499070276
rq3.v1,tree_shape,ijcnn_left_deep_n16,"{""n_atoms"": 16}",left_deep,rulerunner_original_structured,32,64,5,16,16,,,,,1989420,780,0,0.06027763200108893,0.05568400400079554,0.06295416799912346,0.0067180074062207495,0.006228578093782744,0.007051844859347511,148.85366144044715,141.80686330250995,160.55028691029534
rq3.v1,tree_shape,ijcnn_balanced_n32,"{""n_atoms"": 32}",balanced,rulerunner_original_flat,32,1,5,32,7,,,,,8173836,1644,0,0.0881712910013448,0.07755661200280883,0.1091043409978738,0.01167265080002835,0.009911666166469027,0.013071202499759238,85.67034319210262,76.50405538575501,100.89121074143723
rq3.v1,tree_shape,ijcnn_balanced_n32,"{""n_atoms"": 32}",balanced,rulerunner_original_flat,32,64,5,32,7,,,,,8173836,1644,0,0.0881712910013448,0.07755661200280883,0.1091043409978738,0.0019340727031362803,0.0016342692343869203,0.0022627846250315997,517.043644935584,441.9333545657422,611.8942821408126
rq3.v1,tree_shape,ijcnn_balanced_n32,"{""n_atoms"": 32}",balanced,rulerunner_original_structured,32,1,5,32,7,,,,,8635116,1644,0,0.09903059999851394,0.09259858599762083,0.10797162100061541,0.34222436100026243,0.3232113450030738,0.3899501810010406,2.922059660151526,2.5644301470328883,3.0939508017284783
rq3.v1,tree_shape,ijcnn_balanced_n32,"{""n_atoms"": 32}",balanced,rulerunner_original_structured,32,64,5,32,7,,,,,8635116,1644,0,0.09903059999851394,0.09259858599762083,0.10797162100061541,0.016818098859346264,0.015529193421912169,0.019895740937499795,59.45975275583979,50.26201352045074,64.39484478240637
rq3.v1,tree_shape,ijcnn_left_deep_n32,"{""n_atoms"": 32}",left_deep,rulerunner_original_flat,32,1,5,32,32,,,,,8173836,1644,0,0.09173218499927316,0.07995933799975319,0.11443875999975717,0.013149022799916565,0.009161542666940173,0.019576761250391428,76.05127888335134,51.08097234316557,109.15192302804458
rq3.v1,tree_shape,ijcnn_left_deep_n32,"{""n_atoms"": 32}",left_deep,rulerunner_original_flat,32,64,5,32,32,,,,,8173836,1644,0,0.09173218499927316,0.07995933799975319,0.11443875999975717,0.004463296953133522,0.0031668763437551206,0.007620992859358466,224.04962307021395,131.21649874950543,315.7685654420756
rq3.v1,tree_shape,ijcnn_left_deep_n32,"{""n_atoms"": 32}",left_deep,rulerunner_original_structured,32,1,5,32,32,,,,,8635116,1644,0,0.0986514479991456,0.095060009000008,0.106342560997291,0.3625160679985129,0.3242884800019965,0.37996713199754595,2.7584984177973104,2.6318065848033894,3.0836741409804116
rq3.v1,tree_shape,ijcnn_left_deep_n32,"{""n_atoms"": 32}",left_deep,rulerunner_original_structured,32,64,5,32,32,,,,,8635116,1644,0,0.0986514479991456,0.095060009000008,0.106342560997291,0.018200237531289076,0.015857949468738752,0.020539609109391677,54.944337857175896,48.68641826015827,63.05985537230584
rq3.v1,guard_complexity,guard_read_once_n3,"{""guard_kind"": ""read_once"", ""n_atoms"": 3}",canonical,deepdfa_dense,32,64,5,3,3,2,,128,,152,,0,0.08226226899932954,0.08151803700093296,0.0875005810012226,5.350415457477149e-05,4.890031709692266e-05,5.602828645502693e-05,18690.13739115363,17848.12749543367,20449.765141971457
rq3.v1,guard_complexity,guard_read_once_n3,"{""guard_kind"": ""read_once"", ""n_atoms"": 3}",canonical,deepdfa_factored,32,64,5,3,3,2,5,,160,184,,0,0.08790895700076362,0.08639814400157775,0.09194212399961543,6.30896308588073e-05,6.131054297024245e-05,7.190397016901525e-05,15850.465225228058,13907.437901543279,16310.408480403734
rq3.v1,guard_complexity,guard_threshold_n3,"{""guard_kind"": ""threshold"", ""n_atoms"": 3}",canonical,deepdfa_dense,32,64,5,3,4,2,,128,,152,,0,0.08390915999916615,0.08100741899761488,0.12304950899851974,4.1864205180194115e-05,4.114720312600184e-05,4.6685870537593086e-05,23886.7547035886,21419.756951833322,24302.988393592117
rq3.v1,guard_complexity,guard_threshold_n3,"{""guard_kind"": ""threshold"", ""n_atoms"": 3}",canonical,deepdfa_factored,32,64,5,3,4,2,7,,224,248,,0,0.0891722030028177,0.08868151199931162,0.09834425799999735,5.234237083489764e-05,5.0889268553788725e-05,5.703488951017529e-05,19104.98099435116,17533.127680059682,19650.508415993918
rq3.v1,guard_complexity,guard_parity_n3,"{""guard_kind"": ""parity"", ""n_atoms"": 3}",canonical,deepdfa_dense,32,64,5,3,7,2,,128,,152,,0,0.08640579100028845,0.08325742700253613,0.09161288800169132,4.189014720467592e-05,4.148968125150532e-05,4.390968532972137e-05,23871.96194642106,22774.018818192828,24102.378467024697
rq3.v1,guard_complexity,guard_parity_n3,"{""guard_kind"": ""parity"", ""n_atoms"": 3}",canonical,deepdfa_factored,32,64,5,3,7,2,9,,288,312,,0,0.0933140250017459,0.09082716299963067,0.10159992199987755,5.2707021485076666e-05,5.07451943363435e-05,5.6910829928168685e-05,18972.804226532466,17571.348041526948,19706.29954379353
rq3.v1,guard_complexity,guard_read_once_n4,"{""guard_kind"": ""read_once"", ""n_atoms"": 4}",canonical,deepdfa_dense,32,64,5,4,4,2,,256,,280,,0,0.08336773600240122,0.08125271300013992,0.09128062300078454,6.087075721202732e-05,5.976173792729159e-05,6.787163341379291e-05,16428.249717951796,14733.69579752562,16733.114442164286
rq3.v1,guard_complexity,guard_read_once_n4,"{""guard_kind"": ""read_once"", ""n_atoms"": 4}",canonical,deepdfa_factored,32,64,5,4,4,2,6,,240,264,,0,0.08802073600236326,0.08565586699842243,0.09422715999971842,7.305818437544075e-05,7.054544105306542e-05,7.493798203199731e-05,13687.720390929398,13344.367874398007,14175.260443092047
rq3.v1,guard_complexity,guard_threshold_n4,"{""guard_kind"": ""threshold"", ""n_atoms"": 4}",canonical,deepdfa_dense,32,64,5,4,7,2,,256,,280,,0,0.09559981399797834,0.09413223899900913,0.09958440400077961,4.417949001675778e-05,4.355568402855978e-05,5.593656543112502e-05,22634.937606131007,17877.39365641434,22959.115952450495
rq3.v1,guard_complexity,guard_threshold_n4,"{""guard_kind"": ""threshold"", ""n_atoms"": 4}",canonical,deepdfa_factored,32,64,5,4,7,2,11,,440,464,,0,0.10369067300052848,0.09920726099880994,0.11032363399863243,5.644119411184735e-05,5.551237667386236e-05,6.218751875053385e-05,17717.555692006415,16080.397161551255,18014.000839399177
rq3.v1,guard_complexity,guard_parity_n4,"{""guard_kind"": ""parity"", ""n_atoms"": 4}",canonical,deepdfa_dense,32,64,5,4,12,2,,256,,280,,0,0.10931390900077531,0.1043684910000593,0.11246258199753356,4.678420128811922e-05,4.420244163625017e-05,4.740480208435353e-05,21374.73703658052,21094.90929253475,22623.184669959628
rq3.v1,guard_complexity,guard_parity_n4,"{""guard_kind"": ""parity"", ""n_atoms"": 4}",canonical,deepdfa_factored,32,64,5,4,12,2,17,,680,704,,0,0.12412943000163068,0.11981668999942485,0.12847809700178914,6.049943329326897e-05,5.8664684244054875e-05,6.30996590897129e-05,16529.080448614015,15847.946160505158,17046.030552893342
rq3.v1,guard_complexity,guard_read_once_n5,"{""guard_kind"": ""read_once"", ""n_atoms"": 5}",canonical,deepdfa_dense,32,64,5,5,5,2,,512,,536,,0,0.09220172600180376,0.08961927999916952,0.09531657399929827,7.487118671747339e-05,7.298889843809775e-05,7.792082031541112e-05,13356.272871345054,12833.540457507488,13700.713689330509
rq3.v1,guard_complexity,guard_read_once_n5,"{""guard_kind"": ""read_once"", ""n_atoms"": 5}",canonical,deepdfa_factored,32,64,5,5,5,2,7,,336,360,,0,0.09705376700003399,0.09369368799889344,0.1021970740002871,8.754064583627041e-05,8.712879861150213e-05,9.122478125078715e-05,11423.265049589952,10961.933657597796,11477.26143291487
rq3.v1,guard_complexity,guard_threshold_n5,"{""guard_kind"": ""threshold"", ""n_atoms"": 5}",canonical,deepdfa_dense,32,64,5,5,12,2,,512,,536,,0,0.13353542100230698,0.12978026400014642,0.13721198100029142,4.688637224436367e-05,4.668613051455181e-05,4.788469117797564e-05,21328.158953910377,20883.501081446793,21419.63767351217
rq3.v1,guard_complexity,guard_threshold_n5,"{""guard_kind"": ""threshold"", ""n_atoms"": 5}",canonical,deepdfa_factored,32,64,5,5,12,2,21,,1008,1032,,0,0.15206148799916264,0.14967888799947104,0.15872555800160626,6.380632421780774e-05,6.230838341445214e-05,6.52242252575282e-05,15672.42765131594,15331.726763355915,16049.204700888688
rq3.v1,guard_complexity,guard_parity_n5,"{""guard_kind"": ""parity"", ""n_atoms"": 5}",canonical,deepdfa_dense,32,64,5,5,21,2,,512,,536,,0,0.18858064300002297,0.18403918200056069,0.20828814400010742,4.7099144270153676e-05,4.6447914062734226e-05,4.9133224330993084e-05,21231.808252484356,20352.826699574103,21529.492124218195
rq3.v1,guard_complexity,guard_parity_n5,"{""guard_kind"": ""parity"", ""n_atoms"": 5}",canonical,deepdfa_factored,32,64,5,5,21,2,33,,1584,1608,,0,0.24308287800158723,0.22831631699955324,0.24529290799910086,6.97141749981256e-05,6.870546519880091e-05,7.875596377909295e-05,14344.285075838407,12697.451113733512,14554.882891870044
rq3.v1,scan_phase,boundedresp_k2,"{""deadline"": 2}",canonical,deepdfa_dense,32,1,5,2,5,4,,256,,304,,0,0.08380260199919576,0.0788409650012909,0.09034203599730972,0.0006213254722398334,0.0005802364731382739,0.000641461588212919,1609.4624229633982,1558.9397999433634,1723.4352652658804
rq3.v1,scan_phase,boundedresp_k2,"{""deadline"": 2}",canonical,deepdfa_dense,32,32,5,2,5,4,,256,,304,,0,0.08380260199919576,0.0788409650012909,0.09034203599730972,7.79467236827115e-05,7.164250390587768e-05,8.957381597459364e-05,12829.275596888225,11163.976761731754,13958.1944443731
rq3.v1,scan_phase,boundedresp_k2,"{""deadline"": 2}",canonical,deepdfa_dense,128,1,5,2,5,4,,256,,304,,0,0.08380260199919576,0.0788409650012909,0.09034203599730972,0.0023479156749999673,0.0021576727142798647,0.002680393809506703,425.90967411979733,373.0795066207226,463.46231909122304
rq3.v1,scan_phase,boundedresp_k2,"{""deadline"": 2}",canonical,deepdfa_dense,128,32,5,2,5,4,,256,,304,,0,0.08380260199919576,0.0788409650012909,0.09034203599730972,0.00021113786606617526,0.00019604024553083427,0.0002298310281275917,4736.241862397994,4351.022610597406,5100.993407206862
rq3.v1,scan_phase,boundedresp_k2,"{""deadline"": 2}",canonical,deepdfa_scan,32,1,5,2,5,4,,256,,304,,0,0.07908567399863387,0.07763818899911712,0.0818716530011443,0.0001606546023634389,0.00013260514106800008,0.0001776450114103686,6224.533784209694,5629.203950399437,7541.18574850125
rq3.v1,scan_phase,boundedresp_k2,"{""deadline"": 2}",canonical,deepdfa_scan,32,32,5,2,5,4,,256,,304,,0,0.07908567399863387,0.07763818899911712,0.0818716530011443,0.00010354640198784182,8.566822851818756e-05,0.00012946526041256827,9657.506014718094,7724.079778724345,11672.938933103977
rq3.v1,scan_phase,boundedresp_k2,"{""deadline"": 2}",canonical,deepdfa_scan,128,1,5,2,5,4,,256,,304,,0,0.07908567399863387,0.07763818899911712,0.0818716530011443,0.00045896813599392774,0.0003401266694258204,0.0005809930888871248,2178.8004908759726,1721.190869783788,2940.081122389299
rq3.v1,scan_phase,boundedresp_k2,"{""deadline"": 2}",canonical,deepdfa_scan,128,32,5,2,5,4,,256,,304,,0,0.07908567399863387,0.07763818899911712,0.0818716530011443,0.00022636349218885243,0.0001785869352650999,0.0002449884505229723,4417.67349642102,4081.825073244549,5599.513752310993
rq3.v1,scan_phase,boundedresp_k6,"{""deadline"": 6}",canonical,deepdfa_dense,32,1,5,2,9,8,,1024,,1120,,0,0.08533321600043564,0.0820643420011038,0.08778186500057927,0.0006666486785997265,0.0005933932733266071,0.0007281568860786206,1500.0404742426956,1373.330417000311,1685.2230130515723
rq3.v1,scan_phase,boundedresp_k6,"{""deadline"": 6}",canonical,deepdfa_dense,32,32,5,2,9,8,,1024,,1120,,0,0.08533321600043564,0.0820643420011038,0.08778186500057927,0.00010390464422891036,9.698064257790406e-05,0.00010761674791410769,9624.208883261454,9292.233963417399,10311.33609159895
rq3.v1,scan_phase,boundedresp_k6,"{""deadline"": 6}",canonical,deepdfa_dense,128,1,5,2,9,8,,1024,,1120,,0,0.08533321600043564,0.0820643420011038,0.08778186500057927,0.002514177950070007,0.002213527166618622,0.0028631568420678377,397.744320354156,349.2648342931074,451.7676652361115
rq3.v1,scan_phase,boundedresp_k6,"{""deadline"": 6}",canonical,deepdfa_dense,128,32,5,2,9,8,,1024,,1120,,0,0.08533321600043564,0.0820643420011038,0.08778186500057927,0.000353721863277201,0.0003432465429682452,0.0003709525390718227,2827.079985203885,2695.762650667241,2913.3578195790105
rq3.v1,scan_phase,boundedresp_k6,"{""deadline"": 6}",canonical,deepdfa_scan,32,1,5,2,9,8,,1024,,1120,,0,0.08392865900168545,0.08176660599929164,0.09180941600061487,0.0003179165031269804,0.0002394500586758243,0.0003730223537752194,3145.479992904255,2680.804487665082,4176.236186911252
rq3.v1,scan_phase,boundedresp_k6,"{""deadline"": 6}",canonical,deepdfa_scan,32,32,5,2,9,8,,1024,,1120,,0,0.08392865900168545,0.08176660599929164,0.09180941600061487,0.0001295342229165423,0.00010681792499932878,0.00015669469726731222,7719.967569066986,6381.8368932680405,9361.724635694653
rq3.v1,scan_phase,boundedresp_k6,"{""deadline"": 6}",canonical,deepdfa_scan,128,1,5,2,9,8,,1024,,1120,,0,0.08392865900168545,0.08176660599929164,0.09180941600061487,0.0006675624285797275,0.0005147626386250261,0.0007851599326876077,1497.987240126066,1273.625866996286,1942.6429289256175
rq3.v1,scan_phase,boundedresp_k6,"{""deadline"": 6}",canonical,deepdfa_scan,128,32,5,2,9,8,,1024,,1120,,0,0.08392865900168545,0.08176660599929164,0.09180941600061487,0.00043448369272406734,0.0003601013906215182,0.0004670805260313197,2301.582353368281,2140.958452061317,2776.9956630104834
rq3.v1,scan_phase,boundedresp_k10,"{""deadline"": 10}",canonical,deepdfa_dense,32,1,5,2,13,12,,2304,,2448,,0,0.0958819429979485,0.08785667000120156,0.10448029800318182,0.0006792021171975193,0.0006479483333496768,0.000683727945953079,1472.3157874214771,1462.570026454097,1543.3329303130288
rq3.v1,scan_phase,boundedresp_k10,"{""deadline"": 10}",canonical,deepdfa_dense,32,32,5,2,13,12,,2304,,2448,,0,0.0958819429979485,0.08785667000120156,0.10448029800318182,0.00014646982331739238,0.00012633524553556135,0.00018205438839556467,6827.344891603049,5492.8640216418025,7915.4474727997895
rq3.v1,scan_phase,boundedresp_k10,"{""deadline"": 10}",canonical,deepdfa_dense,128,1,5,2,13,12,,2304,,2448,,0,0.0958819429979485,0.08785667000120156,0.10448029800318182,0.003859207136305155,0.003629670499988909,0.004792648611126222,259.1205822026465,208.65289344987272,275.5071018162821
rq3.v1,scan_phase,boundedresp_k10,"{""deadline"": 10}",canonical,deepdfa_dense,128,32,5,2,13,12,,2304,,2448,,0,0.0958819429979485,0.08785667000120156,0.10448029800318182,0.0005927668984213597,0.0005305511953110909,0.0007422508828085483,1687.003782875144,1347.2533656223807,1884.8322439715662
rq3.v1,scan_phase,boundedresp_k10,"{""deadline"": 10}",canonical,deepdfa_scan,32,1,5,2,13,12,,2304,,2448,,0,0.09527589400022407,0.08830881299945759,0.0969933049964311,0.0003325724275782704,0.0003051525819208078,0.0004315102777733652,3006.8638199558845,2317.441904651951,3277.0491198384047
rq3.v1,scan_phase,boundedresp_k10,"{""deadline"": 10}",canonical,deepdfa_scan,32,32,5,2,13,12,,2304,,2448,,0,0.09527589400022407,0.08830881299945759,0.0969933049964311,0.0001590540572919963,0.00015014211249990693,0.00015924814688332843,6287.170645161032,6279.507922516926,6660.356533884655
rq3.v1,scan_phase,boundedresp_k10,"{""deadline"": 10}",canonical,deepdfa_scan,128,1,5,2,13,12,,2304,,2448,,0,0.09527589400022407,0.08830881299945759,0.0969933049964311,0.0008854579649331546,0.0008159066875350618,0.0010691833395987556,1129.3590882944877,935.2932869074458,1225.6303512122238
rq3.v1,scan_phase,boundedresp_k10,"{""deadline"": 10}",canonical,deepdfa_scan,128,32,5,2,13,12,,2304,,2448,,0,0.09527589400022407,0.08830881299945759,0.0969933049964311,0.0005617349843873853,0.0005254801562557532,0.000633077171869445,1780.1988976894077,1579.5862565175908,1903.021433055402
rq3.v1,linear_state,boundedresp_k2,"{""deadline"": 2}",canonical,symbolic_guarded,32,32,5,2,5,4,,,,0,,0,0.9792712130001746,0.9564214080019156,1.0401126790020498,2.6716430965155848e-05,2.6289732582866787e-05,2.7613079202308592e-05,37430.149307900516,36214.722475296956,38037.66344324504
rq3.v1,linear_state,boundedresp_k2,"{""deadline"": 2}",canonical,deepdfa_dense,32,32,5,2,5,4,,256,,304,,0,0.08041309799955343,0.07697908000045572,0.08116552800129284,7.449047916723084e-05,7.1139979167713e-05,8.160917812460866e-05,13424.534399288852,12253.523720985217,14056.793545616494
rq3.v1,linear_state,boundedresp_k2,"{""deadline"": 2}",canonical,deepdfa_factored,32,32,5,2,5,4,8,,192,240,,0,0.08693008900081622,0.08437872400099877,0.0937500009968062,9.803013476528122e-05,9.151808552886857e-05,0.00010666528319802637,10200.944866538777,9375.12159550056,10926.802000076354
rq3.v1,linear_state,boundedresp_k6,"{""deadline"": 6}",canonical,symbolic_guarded,32,32,5,2,9,8,,,,0,,0,1.0076231740022195,0.9606271789998573,1.1260305039977538,3.320545442638453e-05,3.110994103770041e-05,3.498122758015676e-05,30115.534248054617,28586.76121953061,32144.066065189756
rq3.v1,linear_state,boundedresp_k6,"{""deadline"": 6}",canonical,deepdfa_dense,32,32,5,2,9,8,,1024,,1120,,0,0.0846853499970166,0.08184637300291797,0.08872740999868256,9.877113541657915e-05,9.516854492019888e-05,0.00010586186328254144,10124.415354570743,9446.272425141779,10507.673526358149
rq3.v1,linear_state,boundedresp_k6,"{""deadline"": 6}",canonical,deepdfa_factored,32,32,5,2,9,8,16,,384,480,,0,0.08995783199861762,0.08964560000094934,0.10868693099837401,0.00011626503004873275,0.000114767232145953,0.00013078648958260905,8601.03850298622,7646.049704303495,8713.288464849178
rq3.v1,linear_state,boundedresp_k10,"{""deadline"": 10}",canonical,symbolic_guarded,32,32,5,2,13,12,,,,0,,0,1.0685417259992391,1.0078681630002393,1.1134796089972951,3.4431065822649004e-05,3.2476802296198964e-05,3.6064121529003995e-05,29043.538911949476,27728.389257887953,30791.208779721474
rq3.v1,linear_state,boundedresp_k10,"{""deadline"": 10}",canonical,deepdfa_dense,32,32,5,2,13,12,,2304,,2448,,0,0.09659683000063524,0.08883632099968963,0.09778758700122125,0.00013684719531662873,0.0001278626986618292,0.00016568670624792504,7307.420496899924,6035.487231568546,7820.8892074521
rq3.v1,linear_state,boundedresp_k10,"{""deadline"": 10}",canonical,deepdfa_factored,32,32,5,2,13,12,24,,576,720,,0,0.10698762799802353,0.10358518499924685,0.12151730500045232,0.0001252387788431756,0.00012420496744406742,0.0001372864133538149,7984.747290231912,7284.041993454934,8051.207778387164
rq3.v1,linear_state,boundedresp_k14,"{""deadline"": 14}",canonical,symbolic_guarded,32,32,5,2,17,16,,,,0,,0,1.1971815880024224,1.1016225630010013,1.2420296710006369,3.277067425306482e-05,3.2620742985625616e-05,3.463246148279469e-05,30515.087735995447,28874.644110895704,30655.341003135694
rq3.v1,linear_state,boundedresp_k14,"{""deadline"": 14}",canonical,deepdfa_dense,32,32,5,2,17,16,,4096,,4288,,0,0.2417691799964814,0.2289428689982742,0.2539833999981056,0.00014802895572074704,0.00013659605528678535,0.000216915957387507,6755.435077759214,4610.080383406563,7320.855627203039
rq3.v1,linear_state,boundedresp_k14,"{""deadline"": 14}",canonical,deepdfa_factored,32,32,5,2,17,16,32,,768,960,,0,0.2654360890010139,0.24760544799937634,0.2961158610014536,0.00013219029403382427,0.00012681320312266407,0.00013514763352098024,7564.85192282063,7399.315651685167,7885.614237128909
rq3.v1,exponential_state,kthlast_k2,"{""temporal_depth"": 2}",canonical,symbolic_guarded,16,8,5,2,4,5,,,,0,,0,0.989645494002616,0.949513076000585,1.03900085100031,1.4231744827397385e-05,1.2626571794049211e-05,1.5672367615725345e-05,70265.45319129882,63806.56863846275,79198.06074925982
rq3.v1,exponential_state,kthlast_k2,"{""temporal_depth"": 2}",canonical,deepdfa_dense,16,8,5,2,4,5,,400,,460,,0,0.052969243999541504,0.04984644299838692,0.0579463849971944,6.279464120477012e-05,5.835466559708435e-05,6.593354054210657e-05,15924.925770959517,15166.787522374574,17136.590361164956
rq3.v1,exponential_state,kthlast_k2,"{""temporal_depth"": 2}",canonical,deepdfa_factored,16,8,5,2,4,5,11,,264,324,,0,0.06046917899948312,0.05903461200068705,0.06390779199864483,9.463438709644834e-05,9.098641485384113e-05,9.853420491798134e-05,10566.983426234186,10148.76002533727,10990.651753961087
rq3.v1,exponential_state,kthlast_k4,"{""temporal_depth"": 4}",canonical,symbolic_guarded,16,8,5,2,6,17,,,,0,,0,0.9791740510008822,0.9405578240002797,1.0151156179999816,1.4040083333823037e-05,1.322876744108868e-05,1.4472225405757786e-05,71224.64847419859,69097.87347577859,75592.83239752105
rq3.v1,exponential_state,kthlast_k4,"{""temporal_depth"": 4}",canonical,deepdfa_dense,16,8,5,2,6,17,,4624,,4828,,0,0.0641929439989326,0.06208371400134638,0.06481970199820353,7.107232267286278e-05,6.714623610936211e-05,7.21268953809514e-05,14070.1747514694,13864.453678732698,14892.867537225537
rq3.v1,exponential_state,kthlast_k4,"{""temporal_depth"": 4}",canonical,deepdfa_factored,16,8,5,2,6,17,41,,984,1188,,0,0.09090216500044335,0.08733750200190116,0.10170253199976287,0.00010911413958183402,0.00010292688305878161,0.00011494061290719518,9164.71507572137,8700.145011471406,9715.634732948236
rq3.v1,exponential_state,kthlast_k6,"{""temporal_depth"": 6}",canonical,symbolic_guarded,16,8,5,2,8,65,,,,0,,0,1.049608941997576,1.0111896340022213,1.1053543429989077,1.4751958625122408e-05,1.3944762583148793e-05,1.601983710093299e-05,67787.60877874291,62422.60727743357,71711.51133174727
rq3.v1,exponential_state,kthlast_k6,"{""temporal_depth"": 6}",canonical,deepdfa_dense,16,8,5,2,8,65,,67600,,68380,,0,0.11575885099955485,0.11251011199783534,0.11671606399977463,0.000144474421877779,0.00011526564344049043,0.00017654497321473173,6921.640432975532,5664.2790887265855,8675.612005031508
rq3.v1,exponential_state,kthlast_k6,"{""temporal_depth"": 6}",canonical,deepdfa_factored,16,8,5,2,8,65,161,,3864,4644,,0,0.2176000319996092,0.21278869299931102,0.2326868749987625,0.0002248120150034083,0.00020864219078774973,0.0002503631398797422,4448.160833329301,3994.19818939934,4792.894458327909
rq3.v1,exponential_state,kthlast_k8,"{""temporal_depth"": 8}",canonical,symbolic_guarded,16,8,5,2,10,257,,,,0,,0,1.2378049330000067,1.2153679539987934,1.2762947320006788,1.6516226956681373e-05,1.5545872652460426e-05,1.913649001244735e-05,60546.516018627735,52256.186967910464,64325.75528924915
rq3.v1,exponential_state,kthlast_k8,"{""temporal_depth"": 8}",canonical,deepdfa_dense,16,8,5,2,10,257,,1056784,,1059868,,0,0.3446221260019229,0.32929753300049924,0.3661462210002355,0.0003941066041761587,0.000328604398808758,0.0006044170729258743,2537.3845284587455,1654.4866860877703,3043.1728961181143
rq3.v1,exponential_state,kthlast_k8,"{""temporal_depth"": 8}",canonical,deepdfa_factored,16,8,5,2,10,257,641,,15384,18468,,0,0.744421595998574,0.7294392340008926,0.7676415749992884,0.000669339888898119,0.000566147458357591,0.0007398710277912971,1494.0092718009387,1351.586915067149,1766.3242768960351
rq3.v1,exponential_state,kthlast_k10,"{""temporal_depth"": 10}",canonical,symbolic_guarded,16,8,5,2,12,1025,,,,0,,0,2.3409856449979998,2.275287299999036,2.3896402469981695,1.770946246524896e-05,1.7384798981863006e-05,1.794668414047293e-05,56466.98774523995,55720.599536536334,57521.51641461413
rq3.v1,exponential_state,kthlast_k10,"{""temporal_depth"": 10}",canonical,deepdfa_dense,16,8,5,2,12,1025,,16810000,,16822300,,0,1.440212422003242,1.3909443129996362,1.504585725000652,0.009005294499729644,0.008555419749882276,0.010442632124977536,111.0457853466116,95.76129734649167,116.88497224391125
rq3.v1,exponential_state,kthlast_k10,"{""temporal_depth"": 10}",canonical,deepdfa_factored,16,8,5,2,12,1025,2561,,61464,73764,,0,2.991086109999742,2.9762796370014257,3.0886973369997577,0.009116568125136837,0.008401137625241972,0.014490271750219108,109.69039953123702,69.01181822106814,119.03149842414321
