schema_version,formula_id,monitor_id,baseline_monitor_id,workload_mode,timing_boundary,requested_device,effective_device,trace_length,batch_size,symbolic_over_monitor_runtime_ratio,cold_start_break_even_traces,break_even_status
rq4.v1,atomic_control,deepdfa_dense,symbolic_guarded,capacity,core_native,cpu,cpu,64,1,0.046968581318443864,,symbolic_always_or_equal
rq4.v1,atomic_control,deepdfa_dense,symbolic_guarded,capacity,core_native,cpu,cpu,64,32,0.6794701178892343,,symbolic_always_or_equal
rq4.v1,atomic_control,deepdfa_dense,symbolic_guarded,capacity,core_native,cpu,cpu,64,128,0.9666869954435626,,symbolic_always_or_equal
rq4.v1,atomic_control,deepdfa_dense,symbolic_guarded,capacity,end_to_end,cpu,cpu,64,1,0.07750936794340252,,symbolic_always_or_equal
rq4.v1,atomic_control,deepdfa_dense,symbolic_guarded,capacity,end_to_end,cpu,cpu,64,32,0.7514646934295413,,symbolic_always_or_equal
rq4.v1,atomic_control,deepdfa_dense,symbolic_guarded,capacity,end_to_end,cpu,cpu,64,128,0.993862463992581,,symbolic_always_or_equal
rq4.v1,atomic_control,deepdfa_dense,symbolic_guarded,deployment,end_to_end,cpu,cpu,64,1,0.03170756153808278,,symbolic_always_or_equal
rq4.v1,atomic_control,deepdfa_dense,symbolic_guarded,deployment,end_to_end,cpu,cpu,64,64,0.3755074713158186,,symbolic_always_or_equal
rq4.v1,atomic_control,deepdfa_factored,symbolic_guarded,capacity,core_native,cpu,cpu,64,1,0.02459139002989573,,symbolic_always_or_equal
rq4.v1,atomic_control,deepdfa_factored,symbolic_guarded,capacity,core_native,cpu,cpu,64,32,0.47999017478341627,,symbolic_always_or_equal
rq4.v1,atomic_control,deepdfa_factored,symbolic_guarded,capacity,core_native,cpu,cpu,64,128,0.8635731786542507,,symbolic_always_or_equal
rq4.v1,atomic_control,deepdfa_factored,symbolic_guarded,capacity,end_to_end,cpu,cpu,64,1,0.04101577698266927,,symbolic_always_or_equal
rq4.v1,atomic_control,deepdfa_factored,symbolic_guarded,capacity,end_to_end,cpu,cpu,64,32,0.5889856727707402,,symbolic_always_or_equal
rq4.v1,atomic_control,deepdfa_factored,symbolic_guarded,capacity,end_to_end,cpu,cpu,64,128,0.9091887310555514,,symbolic_always_or_equal
rq4.v1,atomic_control,deepdfa_factored,symbolic_guarded,deployment,end_to_end,cpu,cpu,64,1,0.017603381595757236,,symbolic_always_or_equal
rq4.v1,atomic_control,deepdfa_factored,symbolic_guarded,deployment,end_to_end,cpu,cpu,64,64,0.33234232240950284,,symbolic_always_or_equal
rq4.v1,atomic_control,rulerunner_bounded_flat_default,symbolic_guarded,capacity,core_native,cpu,cpu,64,1,0.0075556888112288485,,symbolic_always_or_equal
rq4.v1,atomic_control,rulerunner_bounded_flat_default,symbolic_guarded,capacity,core_native,cpu,cpu,64,32,0.11060648736275433,,symbolic_always_or_equal
rq4.v1,atomic_control,rulerunner_bounded_flat_default,symbolic_guarded,capacity,core_native,cpu,cpu,64,128,0.1600630159267667,,symbolic_always_or_equal
rq4.v1,atomic_control,rulerunner_bounded_flat_default,symbolic_guarded,capacity,end_to_end,cpu,cpu,64,1,0.01242480501764502,,symbolic_always_or_equal
rq4.v1,atomic_control,rulerunner_bounded_flat_default,symbolic_guarded,capacity,end_to_end,cpu,cpu,64,32,0.16779299904053005,,symbolic_always_or_equal
rq4.v1,atomic_control,rulerunner_bounded_flat_default,symbolic_guarded,capacity,end_to_end,cpu,cpu,64,128,0.24831031864029152,,symbolic_always_or_equal
rq4.v1,atomic_control,rulerunner_bounded_flat_default,symbolic_guarded,deployment,end_to_end,cpu,cpu,64,1,0.005573689810987338,,symbolic_always_or_equal
rq4.v1,atomic_control,rulerunner_bounded_flat_default,symbolic_guarded,deployment,end_to_end,cpu,cpu,64,64,0.11312573712324658,,symbolic_always_or_equal
rq4.v1,atomic_control,rulerunner_bounded_flat_exact,symbolic_guarded,capacity,core_native,cpu,cpu,64,1,0.007512194523406205,,symbolic_always_or_equal
rq4.v1,atomic_control,rulerunner_bounded_flat_exact,symbolic_guarded,capacity,core_native,cpu,cpu,64,32,0.10952306022255058,,symbolic_always_or_equal
rq4.v1,atomic_control,rulerunner_bounded_flat_exact,symbolic_guarded,capacity,core_native,cpu,cpu,64,128,0.16012957481219275,,symbolic_always_or_equal
rq4.v1,atomic_control,rulerunner_bounded_flat_exact,symbolic_guarded,capacity,end_to_end,cpu,cpu,64,1,0.013057397348878674,,symbolic_always_or_equal
rq4.v1,atomic_control,rulerunner_bounded_flat_exact,symbolic_guarded,capacity,end_to_end,cpu,cpu,64,32,0.16367489887269526,,symbolic_always_or_equal
rq4.v1,atomic_control,rulerunner_bounded_flat_exact,symbolic_guarded,capacity,end_to_end,cpu,cpu,64,128,0.24347192773573542,,symbolic_always_or_equal
rq4.v1,atomic_control,rulerunner_bounded_flat_exact,symbolic_guarded,deployment,end_to_end,cpu,cpu,64,1,0.005495607405423319,,symbolic_always_or_equal
rq4.v1,atomic_control,rulerunner_bounded_flat_exact,symbolic_guarded,deployment,end_to_end,cpu,cpu,64,64,0.10789104529111479,,symbolic_always_or_equal
rq4.v1,atomic_control,rulerunner_original_flat,symbolic_guarded,capacity,core_native,cpu,cpu,64,1,0.00781868986819662,1.6785919022196907,monitor_wins_before
rq4.v1,atomic_control,rulerunner_original_flat,symbolic_guarded,capacity,core_native,cpu,cpu,64,32,0.21657997691016748,57.35388530845796,monitor_wins_before
rq4.v1,atomic_control,rulerunner_original_flat,symbolic_guarded,capacity,core_native,cpu,cpu,64,128,0.6257319538173903,358.65351532445476,monitor_wins_before
rq4.v1,atomic_control,rulerunner_original_flat,symbolic_guarded,capacity,end_to_end,cpu,cpu,64,1,0.013044974436644407,1.2657552303172779,monitor_wins_before
rq4.v1,atomic_control,rulerunner_original_flat,symbolic_guarded,capacity,end_to_end,cpu,cpu,64,32,0.31401949066542834,44.3119981810457,monitor_wins_before
rq4.v1,atomic_control,rulerunner_original_flat,symbolic_guarded,capacity,end_to_end,cpu,cpu,64,128,0.7398763012760013,276.5390836587464,monitor_wins_before
rq4.v1,atomic_control,rulerunner_original_flat,symbolic_guarded,deployment,end_to_end,cpu,cpu,64,1,0.005730595446699343,1.7587927228817974,monitor_wins_before
rq4.v1,atomic_control,rulerunner_original_flat,symbolic_guarded,deployment,end_to_end,cpu,cpu,64,64,0.21994901666984568,87.06877478076454,monitor_wins_before
rq4.v1,atomic_control,rulerunner_progression_flat,symbolic_guarded,capacity,core_native,cpu,cpu,64,1,0.013128620508786427,2.857016559419253,monitor_wins_before
rq4.v1,atomic_control,rulerunner_progression_flat,symbolic_guarded,capacity,core_native,cpu,cpu,64,32,0.3472560424757044,111.27515223095254,monitor_wins_before
rq4.v1,atomic_control,rulerunner_progression_flat,symbolic_guarded,capacity,core_native,cpu,cpu,64,128,0.8764400980014017,1534.1443686420987,monitor_wins_before
rq4.v1,atomic_control,rulerunner_progression_flat,symbolic_guarded,capacity,end_to_end,cpu,cpu,64,1,0.022344874455193002,2.1981313410495935,monitor_wins_before
rq4.v1,atomic_control,rulerunner_progression_flat,symbolic_guarded,capacity,end_to_end,cpu,cpu,64,32,0.4628371591302621,83.76378686049506,monitor_wins_before
rq4.v1,atomic_control,rulerunner_progression_flat,symbolic_guarded,capacity,end_to_end,cpu,cpu,64,128,0.9293352516682974,1284.1165930722927,monitor_wins_before
rq4.v1,atomic_control,rulerunner_progression_flat,symbolic_guarded,deployment,end_to_end,cpu,cpu,64,1,0.009139783974597571,2.599629215373825,monitor_wins_before
rq4.v1,atomic_control,rulerunner_progression_flat,symbolic_guarded,deployment,end_to_end,cpu,cpu,64,64,0.29509347236800515,119.38791063844924,monitor_wins_before
rq4.v1,atomic_control,symbolic_guarded,symbolic_guarded,capacity,core_native,cpu,cpu,64,1,1.0,,monitor_always_or_equal
rq4.v1,atomic_control,symbolic_guarded,symbolic_guarded,capacity,core_native,cpu,cpu,64,32,1.0,,monitor_always_or_equal
rq4.v1,atomic_control,symbolic_guarded,symbolic_guarded,capacity,core_native,cpu,cpu,64,128,1.0,,monitor_always_or_equal
rq4.v1,atomic_control,symbolic_guarded,symbolic_guarded,capacity,core_native,cuda,cpu,64,1,1.0,,monitor_always_or_equal
rq4.v1,atomic_control,symbolic_guarded,symbolic_guarded,capacity,core_native,cuda,cpu,64,32,1.0,,monitor_always_or_equal
rq4.v1,atomic_control,symbolic_guarded,symbolic_guarded,capacity,core_native,cuda,cpu,64,128,1.0,,monitor_always_or_equal
rq4.v1,atomic_control,symbolic_guarded,symbolic_guarded,capacity,end_to_end,cpu,cpu,64,1,1.0,,monitor_always_or_equal
rq4.v1,atomic_control,symbolic_guarded,symbolic_guarded,capacity,end_to_end,cpu,cpu,64,32,1.0,,monitor_always_or_equal
rq4.v1,atomic_control,symbolic_guarded,symbolic_guarded,capacity,end_to_end,cpu,cpu,64,128,1.0,,monitor_always_or_equal
rq4.v1,atomic_control,symbolic_guarded,symbolic_guarded,capacity,end_to_end,cuda,cpu,64,1,1.0,,monitor_always_or_equal
rq4.v1,atomic_control,symbolic_guarded,symbolic_guarded,capacity,end_to_end,cuda,cpu,64,32,1.0,,monitor_always_or_equal
rq4.v1,atomic_control,symbolic_guarded,symbolic_guarded,capacity,end_to_end,cuda,cpu,64,128,1.0,,monitor_always_or_equal
rq4.v1,atomic_control,symbolic_guarded,symbolic_guarded,deployment,end_to_end,cpu,cpu,64,1,1.0,,monitor_always_or_equal
rq4.v1,atomic_control,symbolic_guarded,symbolic_guarded,deployment,end_to_end,cpu,cpu,64,64,1.0,,monitor_always_or_equal
rq4.v1,atomic_control,symbolic_guarded,symbolic_guarded,deployment,end_to_end,cuda,cpu,64,1,1.0,,monitor_always_or_equal
rq4.v1,atomic_control,symbolic_guarded,symbolic_guarded,deployment,end_to_end,cuda,cpu,64,64,1.0,,monitor_always_or_equal
rq4.v1,ijcnn_balanced_n4,deepdfa_dense,symbolic_guarded,capacity,core_native,cpu,cpu,64,1,0.04960897302310718,,symbolic_always_or_equal
rq4.v1,ijcnn_balanced_n4,deepdfa_dense,symbolic_guarded,capacity,core_native,cpu,cpu,64,32,0.5554852209754406,,symbolic_always_or_equal
rq4.v1,ijcnn_balanced_n4,deepdfa_dense,symbolic_guarded,capacity,core_native,cpu,cpu,64,128,0.7448813576431393,,symbolic_always_or_equal
rq4.v1,ijcnn_balanced_n4,deepdfa_dense,symbolic_guarded,capacity,end_to_end,cpu,cpu,64,1,0.10417640840592265,,symbolic_always_or_equal
rq4.v1,ijcnn_balanced_n4,deepdfa_dense,symbolic_guarded,capacity,end_to_end,cpu,cpu,64,32,0.7114468353087746,,symbolic_always_or_equal
rq4.v1,ijcnn_balanced_n4,deepdfa_dense,symbolic_guarded,capacity,end_to_end,cpu,cpu,64,128,0.8534796912783593,,symbolic_always_or_equal
rq4.v1,ijcnn_balanced_n4,deepdfa_dense,symbolic_guarded,deployment,end_to_end,cpu,cpu,64,1,0.10306882320563976,,symbolic_always_or_equal
rq4.v1,ijcnn_balanced_n4,deepdfa_dense,symbolic_guarded,deployment,end_to_end,cpu,cpu,64,64,0.5490952551944152,,symbolic_always_or_equal
rq4.v1,ijcnn_balanced_n4,deepdfa_factored,symbolic_guarded,capacity,core_native,cpu,cpu,64,1,0.026839793132177367,,symbolic_always_or_equal
rq4.v1,ijcnn_balanced_n4,deepdfa_factored,symbolic_guarded,capacity,core_native,cpu,cpu,64,32,0.42230854663196665,,symbolic_always_or_equal
rq4.v1,ijcnn_balanced_n4,deepdfa_factored,symbolic_guarded,capacity,core_native,cpu,cpu,64,128,0.6385771094448155,,symbolic_always_or_equal
rq4.v1,ijcnn_balanced_n4,deepdfa_factored,symbolic_guarded,capacity,end_to_end,cpu,cpu,64,1,0.056906516500157406,,symbolic_always_or_equal
rq4.v1,ijcnn_balanced_n4,deepdfa_factored,symbolic_guarded,capacity,end_to_end,cpu,cpu,64,32,0.5957689244308401,,symbolic_always_or_equal
rq4.v1,ijcnn_balanced_n4,deepdfa_factored,symbolic_guarded,capacity,end_to_end,cpu,cpu,64,128,0.7819566097276434,,symbolic_always_or_equal
rq4.v1,ijcnn_balanced_n4,deepdfa_factored,symbolic_guarded,deployment,end_to_end,cpu,cpu,64,1,0.0600765107863775,,symbolic_always_or_equal
rq4.v1,ijcnn_balanced_n4,deepdfa_factored,symbolic_guarded,deployment,end_to_end,cpu,cpu,64,64,0.5061784699748768,,symbolic_always_or_equal
rq4.v1,ijcnn_balanced_n4,rulerunner_bounded_flat_default,symbolic_guarded,capacity,core_native,cpu,cpu,64,1,0.0069791878238402065,,symbolic_always_or_equal
rq4.v1,ijcnn_balanced_n4,rulerunner_bounded_flat_default,symbolic_guarded,capacity,core_native,cpu,cpu,64,32,0.042008750539947855,,symbolic_always_or_equal
rq4.v1,ijcnn_balanced_n4,rulerunner_bounded_flat_default,symbolic_guarded,capacity,core_native,cpu,cpu,64,128,0.024516979136436537,,symbolic_always_or_equal
rq4.v1,ijcnn_balanced_n4,rulerunner_bounded_flat_default,symbolic_guarded,capacity,end_to_end,cpu,cpu,64,1,0.015311238918079296,,symbolic_always_or_equal
rq4.v1,ijcnn_balanced_n4,rulerunner_bounded_flat_default,symbolic_guarded,capacity,end_to_end,cpu,cpu,64,32,0.07503226040390255,,symbolic_always_or_equal
rq4.v1,ijcnn_balanced_n4,rulerunner_bounded_flat_default,symbolic_guarded,capacity,end_to_end,cpu,cpu,64,128,0.05374808854303543,,symbolic_always_or_equal
rq4.v1,ijcnn_balanced_n4,rulerunner_bounded_flat_default,symbolic_guarded,deployment,end_to_end,cpu,cpu,64,1,0.013872220449951874,,symbolic_always_or_equal
rq4.v1,ijcnn_balanced_n4,rulerunner_bounded_flat_default,symbolic_guarded,deployment,end_to_end,cpu,cpu,64,64,0.057622558653931504,,symbolic_always_or_equal
rq4.v1,ijcnn_balanced_n4,rulerunner_bounded_flat_exact,symbolic_guarded,capacity,core_native,cpu,cpu,64,1,0.006891076459961578,,symbolic_always_or_equal
rq4.v1,ijcnn_balanced_n4,rulerunner_bounded_flat_exact,symbolic_guarded,capacity,core_native,cpu,cpu,64,32,0.039260657939320084,,symbolic_always_or_equal
rq4.v1,ijcnn_balanced_n4,rulerunner_bounded_flat_exact,symbolic_guarded,capacity,core_native,cpu,cpu,64,128,0.024436583344423526,,symbolic_always_or_equal
rq4.v1,ijcnn_balanced_n4,rulerunner_bounded_flat_exact,symbolic_guarded,capacity,end_to_end,cpu,cpu,64,1,0.014936866907777386,,symbolic_always_or_equal
rq4.v1,ijcnn_balanced_n4,rulerunner_bounded_flat_exact,symbolic_guarded,capacity,end_to_end,cpu,cpu,64,32,0.08042904194058183,,symbolic_always_or_equal
rq4.v1,ijcnn_balanced_n4,rulerunner_bounded_flat_exact,symbolic_guarded,capacity,end_to_end,cpu,cpu,64,128,0.05294719700551633,,symbolic_always_or_equal
rq4.v1,ijcnn_balanced_n4,rulerunner_bounded_flat_exact,symbolic_guarded,deployment,end_to_end,cpu,cpu,64,1,0.014294776749696874,,symbolic_always_or_equal
rq4.v1,ijcnn_balanced_n4,rulerunner_bounded_flat_exact,symbolic_guarded,deployment,end_to_end,cpu,cpu,64,64,0.042029185469948986,,symbolic_always_or_equal
rq4.v1,ijcnn_balanced_n4,rulerunner_original_flat,symbolic_guarded,capacity,core_native,cpu,cpu,64,1,0.0074696068421744085,6.459527198705722,monitor_wins_before
rq4.v1,ijcnn_balanced_n4,rulerunner_original_flat,symbolic_guarded,capacity,core_native,cpu,cpu,64,32,0.09006420141656227,84.74679725014211,monitor_wins_before
rq4.v1,ijcnn_balanced_n4,rulerunner_original_flat,symbolic_guarded,capacity,core_native,cpu,cpu,64,128,0.19132244719191577,208.0873224690171,monitor_wins_before
rq4.v1,ijcnn_balanced_n4,rulerunner_original_flat,symbolic_guarded,capacity,end_to_end,cpu,cpu,64,1,0.016371433683573796,6.904494282005049,monitor_wins_before
rq4.v1,ijcnn_balanced_n4,rulerunner_original_flat,symbolic_guarded,capacity,end_to_end,cpu,cpu,64,32,0.18742276042636857,97.51856783105532,monitor_wins_before
rq4.v1,ijcnn_balanced_n4,rulerunner_original_flat,symbolic_guarded,capacity,end_to_end,cpu,cpu,64,128,0.30978304354714076,191.00881062131188,monitor_wins_before
rq4.v1,ijcnn_balanced_n4,rulerunner_original_flat,symbolic_guarded,deployment,end_to_end,cpu,cpu,64,1,0.009649136576483088,3.472034395195138,monitor_wins_before
rq4.v1,ijcnn_balanced_n4,rulerunner_original_flat,symbolic_guarded,deployment,end_to_end,cpu,cpu,64,64,0.1377851287715552,68.86800977458086,monitor_wins_before
rq4.v1,ijcnn_balanced_n4,rulerunner_progression_flat,symbolic_guarded,capacity,core_native,cpu,cpu,64,1,0.0142181444726128,12.922192224225487,monitor_wins_before
rq4.v1,ijcnn_balanced_n4,rulerunner_progression_flat,symbolic_guarded,capacity,core_native,cpu,cpu,64,32,0.32199904750824815,424.4567245950347,monitor_wins_before
rq4.v1,ijcnn_balanced_n4,rulerunner_progression_flat,symbolic_guarded,capacity,core_native,cpu,cpu,64,128,0.6750289767836241,1907.0415413090661,monitor_wins_before
rq4.v1,ijcnn_balanced_n4,rulerunner_progression_flat,symbolic_guarded,capacity,end_to_end,cpu,cpu,64,1,0.031088769971623343,13.372294521136935,monitor_wins_before
rq4.v1,ijcnn_balanced_n4,rulerunner_progression_flat,symbolic_guarded,capacity,end_to_end,cpu,cpu,64,32,0.48984614954934624,407.847924968536,monitor_wins_before
rq4.v1,ijcnn_balanced_n4,rulerunner_progression_flat,symbolic_guarded,capacity,end_to_end,cpu,cpu,64,128,0.7981972282886409,1691.1205234607792,monitor_wins_before
rq4.v1,ijcnn_balanced_n4,rulerunner_progression_flat,symbolic_guarded,deployment,end_to_end,cpu,cpu,64,1,0.03252264825641285,12.940811108038531,monitor_wins_before
rq4.v1,ijcnn_balanced_n4,rulerunner_progression_flat,symbolic_guarded,deployment,end_to_end,cpu,cpu,64,64,0.6508897733105118,867.9752176234015,monitor_wins_before
rq4.v1,ijcnn_balanced_n4,symbolic_guarded,symbolic_guarded,capacity,core_native,cpu,cpu,64,1,1.0,,monitor_always_or_equal
rq4.v1,ijcnn_balanced_n4,symbolic_guarded,symbolic_guarded,capacity,core_native,cpu,cpu,64,32,1.0,,monitor_always_or_equal
rq4.v1,ijcnn_balanced_n4,symbolic_guarded,symbolic_guarded,capacity,core_native,cpu,cpu,64,128,1.0,,monitor_always_or_equal
rq4.v1,ijcnn_balanced_n4,symbolic_guarded,symbolic_guarded,capacity,core_native,cuda,cpu,64,1,1.0,,monitor_always_or_equal
rq4.v1,ijcnn_balanced_n4,symbolic_guarded,symbolic_guarded,capacity,core_native,cuda,cpu,64,32,1.0,,monitor_always_or_equal
rq4.v1,ijcnn_balanced_n4,symbolic_guarded,symbolic_guarded,capacity,core_native,cuda,cpu,64,128,1.0,,monitor_always_or_equal
rq4.v1,ijcnn_balanced_n4,symbolic_guarded,symbolic_guarded,capacity,end_to_end,cpu,cpu,64,1,1.0,,monitor_always_or_equal
rq4.v1,ijcnn_balanced_n4,symbolic_guarded,symbolic_guarded,capacity,end_to_end,cpu,cpu,64,32,1.0,,monitor_always_or_equal
rq4.v1,ijcnn_balanced_n4,symbolic_guarded,symbolic_guarded,capacity,end_to_end,cpu,cpu,64,128,1.0,,monitor_always_or_equal
rq4.v1,ijcnn_balanced_n4,symbolic_guarded,symbolic_guarded,capacity,end_to_end,cuda,cpu,64,1,1.0,,monitor_always_or_equal
rq4.v1,ijcnn_balanced_n4,symbolic_guarded,symbolic_guarded,capacity,end_to_end,cuda,cpu,64,32,1.0,,monitor_always_or_equal
rq4.v1,ijcnn_balanced_n4,symbolic_guarded,symbolic_guarded,capacity,end_to_end,cuda,cpu,64,128,1.0,,monitor_always_or_equal
rq4.v1,ijcnn_balanced_n4,symbolic_guarded,symbolic_guarded,deployment,end_to_end,cpu,cpu,64,1,1.0,,monitor_always_or_equal
rq4.v1,ijcnn_balanced_n4,symbolic_guarded,symbolic_guarded,deployment,end_to_end,cpu,cpu,64,64,1.0,,monitor_always_or_equal
rq4.v1,ijcnn_balanced_n4,symbolic_guarded,symbolic_guarded,deployment,end_to_end,cuda,cpu,64,1,1.0,,monitor_always_or_equal
rq4.v1,ijcnn_balanced_n4,symbolic_guarded,symbolic_guarded,deployment,end_to_end,cuda,cpu,64,64,1.0,,monitor_always_or_equal
rq4.v1,nested_next_control,deepdfa_dense,symbolic_guarded,capacity,core_native,cpu,cpu,64,1,0.049095928899682666,,symbolic_always_or_equal
rq4.v1,nested_next_control,deepdfa_dense,symbolic_guarded,capacity,core_native,cpu,cpu,64,32,0.6410307213243582,,symbolic_always_or_equal
rq4.v1,nested_next_control,deepdfa_dense,symbolic_guarded,capacity,core_native,cpu,cpu,64,128,0.6911739388547482,,symbolic_always_or_equal
rq4.v1,nested_next_control,deepdfa_dense,symbolic_guarded,capacity,end_to_end,cpu,cpu,64,1,0.08015127369266357,,symbolic_always_or_equal
rq4.v1,nested_next_control,deepdfa_dense,symbolic_guarded,capacity,end_to_end,cpu,cpu,64,32,0.7411056726187097,,symbolic_always_or_equal
rq4.v1,nested_next_control,deepdfa_dense,symbolic_guarded,capacity,end_to_end,cpu,cpu,64,128,0.7353677407142915,,symbolic_always_or_equal
rq4.v1,nested_next_control,deepdfa_dense,symbolic_guarded,deployment,end_to_end,cpu,cpu,64,1,0.03636842984758978,0.6779755858824814,monitor_wins_before
rq4.v1,nested_next_control,deepdfa_dense,symbolic_guarded,deployment,end_to_end,cpu,cpu,64,64,0.378543264313702,11.494184485398378,monitor_wins_before
rq4.v1,nested_next_control,deepdfa_factored,symbolic_guarded,capacity,core_native,cpu,cpu,64,1,0.02627251128063237,,symbolic_always_or_equal
rq4.v1,nested_next_control,deepdfa_factored,symbolic_guarded,capacity,core_native,cpu,cpu,64,32,0.4696110750714927,,symbolic_always_or_equal
rq4.v1,nested_next_control,deepdfa_factored,symbolic_guarded,capacity,core_native,cpu,cpu,64,128,0.8242645772718575,,symbolic_always_or_equal
rq4.v1,nested_next_control,deepdfa_factored,symbolic_guarded,capacity,end_to_end,cpu,cpu,64,1,0.04227463424546627,,symbolic_always_or_equal
rq4.v1,nested_next_control,deepdfa_factored,symbolic_guarded,capacity,end_to_end,cpu,cpu,64,32,0.5953532044313163,,symbolic_always_or_equal
rq4.v1,nested_next_control,deepdfa_factored,symbolic_guarded,capacity,end_to_end,cpu,cpu,64,128,0.9218200452448057,,symbolic_always_or_equal
rq4.v1,nested_next_control,deepdfa_factored,symbolic_guarded,deployment,end_to_end,cpu,cpu,64,1,0.019103751885377714,,symbolic_always_or_equal
rq4.v1,nested_next_control,deepdfa_factored,symbolic_guarded,deployment,end_to_end,cpu,cpu,64,64,0.3421063670129848,,symbolic_always_or_equal
rq4.v1,nested_next_control,rulerunner_bounded_flat_default,symbolic_guarded,capacity,core_native,cpu,cpu,64,1,0.007138156243630504,,symbolic_always_or_equal
rq4.v1,nested_next_control,rulerunner_bounded_flat_default,symbolic_guarded,capacity,core_native,cpu,cpu,64,32,0.05676680019135852,,symbolic_always_or_equal
rq4.v1,nested_next_control,rulerunner_bounded_flat_default,symbolic_guarded,capacity,core_native,cpu,cpu,64,128,0.03450777210595527,,symbolic_always_or_equal
rq4.v1,nested_next_control,rulerunner_bounded_flat_default,symbolic_guarded,capacity,end_to_end,cpu,cpu,64,1,0.011982436372767606,,symbolic_always_or_equal
rq4.v1,nested_next_control,rulerunner_bounded_flat_default,symbolic_guarded,capacity,end_to_end,cpu,cpu,64,32,0.08982596102673532,,symbolic_always_or_equal
rq4.v1,nested_next_control,rulerunner_bounded_flat_default,symbolic_guarded,capacity,end_to_end,cpu,cpu,64,128,0.05530489604527479,,symbolic_always_or_equal
rq4.v1,nested_next_control,rulerunner_bounded_flat_default,symbolic_guarded,deployment,end_to_end,cpu,cpu,64,1,0.005526478033643751,,symbolic_always_or_equal
rq4.v1,nested_next_control,rulerunner_bounded_flat_default,symbolic_guarded,deployment,end_to_end,cpu,cpu,64,64,0.049769931482613224,,symbolic_always_or_equal
rq4.v1,nested_next_control,rulerunner_bounded_flat_exact,symbolic_guarded,capacity,core_native,cpu,cpu,64,1,0.0069015871560641215,,symbolic_always_or_equal
rq4.v1,nested_next_control,rulerunner_bounded_flat_exact,symbolic_guarded,capacity,core_native,cpu,cpu,64,32,0.05609477700866265,,symbolic_always_or_equal
rq4.v1,nested_next_control,rulerunner_bounded_flat_exact,symbolic_guarded,capacity,core_native,cpu,cpu,64,128,0.02999530959077508,,symbolic_always_or_equal
rq4.v1,nested_next_control,rulerunner_bounded_flat_exact,symbolic_guarded,capacity,end_to_end,cpu,cpu,64,1,0.011760081266914338,,symbolic_always_or_equal
rq4.v1,nested_next_control,rulerunner_bounded_flat_exact,symbolic_guarded,capacity,end_to_end,cpu,cpu,64,32,0.09036512807648873,,symbolic_always_or_equal
rq4.v1,nested_next_control,rulerunner_bounded_flat_exact,symbolic_guarded,capacity,end_to_end,cpu,cpu,64,128,0.05175004031042607,,symbolic_always_or_equal
rq4.v1,nested_next_control,rulerunner_bounded_flat_exact,symbolic_guarded,deployment,end_to_end,cpu,cpu,64,1,0.00552429179050652,,symbolic_always_or_equal
rq4.v1,nested_next_control,rulerunner_bounded_flat_exact,symbolic_guarded,deployment,end_to_end,cpu,cpu,64,64,0.04966713405121606,,symbolic_always_or_equal
rq4.v1,nested_next_control,rulerunner_original_flat,symbolic_guarded,capacity,core_native,cpu,cpu,64,1,0.007494097443009066,1.5759005226964231,monitor_wins_before
rq4.v1,nested_next_control,rulerunner_original_flat,symbolic_guarded,capacity,core_native,cpu,cpu,64,32,0.19691938436495246,52.7356972841512,monitor_wins_before
rq4.v1,nested_next_control,rulerunner_original_flat,symbolic_guarded,capacity,core_native,cpu,cpu,64,128,0.5384326651965867,254.81256961002202,monitor_wins_before
rq4.v1,nested_next_control,rulerunner_original_flat,symbolic_guarded,capacity,end_to_end,cpu,cpu,64,1,0.01269291041570427,1.4485894114647542,monitor_wins_before
rq4.v1,nested_next_control,rulerunner_original_flat,symbolic_guarded,capacity,end_to_end,cpu,cpu,64,32,0.28556154785816196,45.76696134546457,monitor_wins_before
rq4.v1,nested_next_control,rulerunner_original_flat,symbolic_guarded,capacity,end_to_end,cpu,cpu,64,128,0.6821577694721505,241.53669479221242,monitor_wins_before
rq4.v1,nested_next_control,rulerunner_original_flat,symbolic_guarded,deployment,end_to_end,cpu,cpu,64,1,0.005655683328321666,1.6968422749544687,monitor_wins_before
rq4.v1,nested_next_control,rulerunner_original_flat,symbolic_guarded,deployment,end_to_end,cpu,cpu,64,64,0.2036396225289823,80.13437297883753,monitor_wins_before
rq4.v1,nested_next_control,rulerunner_progression_flat,symbolic_guarded,capacity,core_native,cpu,cpu,64,1,0.013579302107308094,2.383581431039209,monitor_wins_before
rq4.v1,nested_next_control,rulerunner_progression_flat,symbolic_guarded,capacity,core_native,cpu,cpu,64,32,0.3476875298128227,95.10009648302496,monitor_wins_before
rq4.v1,nested_next_control,rulerunner_progression_flat,symbolic_guarded,capacity,core_native,cpu,cpu,64,128,0.8859479125824516,1407.6724871498643,monitor_wins_before
rq4.v1,nested_next_control,rulerunner_progression_flat,symbolic_guarded,capacity,end_to_end,cpu,cpu,64,1,0.022770168920130333,2.6685469784869613,monitor_wins_before
rq4.v1,nested_next_control,rulerunner_progression_flat,symbolic_guarded,capacity,end_to_end,cpu,cpu,64,32,0.47622939971766726,105.81840882106412,monitor_wins_before
rq4.v1,nested_next_control,rulerunner_progression_flat,symbolic_guarded,capacity,end_to_end,cpu,cpu,64,128,0.9639411285178052,3057.8574665341425,monitor_wins_before
rq4.v1,nested_next_control,rulerunner_progression_flat,symbolic_guarded,deployment,end_to_end,cpu,cpu,64,1,0.010279653132581591,2.9307363709920784,monitor_wins_before
rq4.v1,nested_next_control,rulerunner_progression_flat,symbolic_guarded,deployment,end_to_end,cpu,cpu,64,64,0.32162232013543784,140.52656779094573,monitor_wins_before
rq4.v1,nested_next_control,symbolic_guarded,symbolic_guarded,capacity,core_native,cpu,cpu,64,1,1.0,,monitor_always_or_equal
rq4.v1,nested_next_control,symbolic_guarded,symbolic_guarded,capacity,core_native,cpu,cpu,64,32,1.0,,monitor_always_or_equal
rq4.v1,nested_next_control,symbolic_guarded,symbolic_guarded,capacity,core_native,cpu,cpu,64,128,1.0,,monitor_always_or_equal
rq4.v1,nested_next_control,symbolic_guarded,symbolic_guarded,capacity,core_native,cuda,cpu,64,1,1.0,,monitor_always_or_equal
rq4.v1,nested_next_control,symbolic_guarded,symbolic_guarded,capacity,core_native,cuda,cpu,64,32,1.0,,monitor_always_or_equal
rq4.v1,nested_next_control,symbolic_guarded,symbolic_guarded,capacity,core_native,cuda,cpu,64,128,1.0,,monitor_always_or_equal
rq4.v1,nested_next_control,symbolic_guarded,symbolic_guarded,capacity,end_to_end,cpu,cpu,64,1,1.0,,monitor_always_or_equal
rq4.v1,nested_next_control,symbolic_guarded,symbolic_guarded,capacity,end_to_end,cpu,cpu,64,32,1.0,,monitor_always_or_equal
rq4.v1,nested_next_control,symbolic_guarded,symbolic_guarded,capacity,end_to_end,cpu,cpu,64,128,1.0,,monitor_always_or_equal
rq4.v1,nested_next_control,symbolic_guarded,symbolic_guarded,capacity,end_to_end,cuda,cpu,64,1,1.0,,monitor_always_or_equal
rq4.v1,nested_next_control,symbolic_guarded,symbolic_guarded,capacity,end_to_end,cuda,cpu,64,32,1.0,,monitor_always_or_equal
rq4.v1,nested_next_control,symbolic_guarded,symbolic_guarded,capacity,end_to_end,cuda,cpu,64,128,1.0,,monitor_always_or_equal
rq4.v1,nested_next_control,symbolic_guarded,symbolic_guarded,deployment,end_to_end,cpu,cpu,64,1,1.0,,monitor_always_or_equal
rq4.v1,nested_next_control,symbolic_guarded,symbolic_guarded,deployment,end_to_end,cpu,cpu,64,64,1.0,,monitor_always_or_equal
rq4.v1,nested_next_control,symbolic_guarded,symbolic_guarded,deployment,end_to_end,cuda,cpu,64,1,1.0,,monitor_always_or_equal
rq4.v1,nested_next_control,symbolic_guarded,symbolic_guarded,deployment,end_to_end,cuda,cpu,64,64,1.0,,monitor_always_or_equal
