schema_version,formula_id,monitor_id,architecture,construction,backend,workload_mode,timing_boundary,requested_device,effective_device,trace_profile,trace_length,batch_size,repetitions,timing_sample_count,latency_s_per_trace_median,latency_s_per_trace_ci95_low,latency_s_per_trace_ci95_high,latency_s_per_batch_p95,throughput_traces_s_median,throughput_traces_s_ci95_low,throughput_traces_s_ci95_high,compile_s_median,compile_s_ci95_low,compile_s_ci95_high,processed_cell_fraction_median,persistent_host_rss_delta_bytes_median,peak_runtime_host_rss_bytes_median,fallbacks
rq4.v1,atomic_control,deepdfa_dense,deepdfa,fixed_dfa,dense,capacity,core_native,cpu,cpu,uniform_bernoulli_p0.5,64,1,5,35,0.0011870566042186208,0.0011658113541367736,0.0012055238213568892,0.0012951806893527515,842.4198108549755,829.5149231264797,857.7717110504994,0.06630133200087585,0.06456909099870245,0.06827586600047653,1.0,3821568.0,450719744.0,0
rq4.v1,atomic_control,deepdfa_dense,deepdfa,fixed_dfa,dense,capacity,core_native,cpu,cpu,uniform_bernoulli_p0.5,64,32,5,35,8.425030468401928e-05,8.254407969161548e-05,9.105358680648755e-05,0.0030690656666835514,11869.393276979821,10982.543742348766,12114.739224617902,0.06630133200087585,0.06456909099870245,0.06827586600047653,1.0,3821568.0,450719744.0,0
rq4.v1,atomic_control,deepdfa_dense,deepdfa,fixed_dfa,dense,capacity,core_native,cpu,cpu,uniform_bernoulli_p0.5,64,128,5,35,5.72697998038052e-05,5.6052850585075475e-05,6.023522265744911e-05,0.007988850203961798,17461.209981976514,16601.582195302686,17840.30588207512,0.06630133200087585,0.06456909099870245,0.06827586600047653,1.0,3821568.0,450719744.0,0
rq4.v1,atomic_control,deepdfa_dense,deepdfa,fixed_dfa,dense,capacity,end_to_end,cpu,cpu,uniform_bernoulli_p0.5,64,1,5,35,0.0012443869374389276,0.0012155385227081504,0.001275473434677975,0.0013338823083662039,803.6085641159973,784.0226011861038,822.6806319326328,0.06702793799922802,0.06642838300103904,0.06836702200234868,1.0,3846144.0,452501504.0,0
rq4.v1,atomic_control,deepdfa_dense,deepdfa,fixed_dfa,dense,capacity,end_to_end,cpu,cpu,uniform_bernoulli_p0.5,64,32,5,35,0.00012697797991125168,0.00012353981696021168,0.00012888324739416626,0.00430330498929834,7875.381233021086,7758.960301036484,8094.556270243373,0.06702793799922802,0.06642838300103904,0.06836702200234868,1.0,3846144.0,452501504.0,0
rq4.v1,atomic_control,deepdfa_dense,deepdfa,fixed_dfa,dense,capacity,end_to_end,cpu,cpu,uniform_bernoulli_p0.5,64,128,5,35,9.55894335916696e-05,9.518226952565101e-05,9.857408593205719e-05,0.012945208650035055,10461.407316960476,10144.654049232131,10506.158394663056,0.06702793799922802,0.06642838300103904,0.06836702200234868,1.0,3846144.0,452501504.0,0
rq4.v1,atomic_control,deepdfa_dense,deepdfa,fixed_dfa,dense,deployment,end_to_end,cpu,cpu,early_late_boundary,64,1,5,35,0.0012945930833060022,0.0012290024249523412,0.0013327175454998558,0.0014309516909964837,772.4434904644323,750.3465407029927,813.6680446653947,0.06721286500032875,0.06477904200073681,0.07155268799760961,1.0,3817472.0,450121728.0,0
rq4.v1,atomic_control,deepdfa_dense,deepdfa,fixed_dfa,dense,deployment,end_to_end,cpu,cpu,early_late_boundary,64,64,5,35,0.00010802720311176017,0.00010618502342651936,0.00011267458332516374,0.0073147340336921236,9256.927618180063,8875.116024295685,9417.523938222848,0.06721286500032875,0.06477904200073681,0.07155268799760961,1.0,3817472.0,450121728.0,0
rq4.v1,atomic_control,deepdfa_factored,deepdfa,fixed_dfa,factored_cubes,capacity,core_native,cpu,cpu,uniform_bernoulli_p0.5,64,1,5,35,0.002267231115323599,0.00223190879160029,0.0025775524613541514,0.002777566269063614,441.0666355279229,387.96494542525693,448.04698281733766,0.07119378999777837,0.0674418800008425,0.07340522300000885,1.0,4595712.0,452194304.0,0
rq4.v1,atomic_control,deepdfa_factored,deepdfa,fixed_dfa,factored_cubes,capacity,core_native,cpu,cpu,uniform_bernoulli_p0.5,64,32,5,35,0.00011926403385587037,0.00011607022321413751,0.00012516971428665004,0.0043723899000334705,8384.757480268461,7989.153012764005,8615.474083780331,0.07119378999777837,0.0674418800008425,0.07340522300000885,1.0,4595712.0,452194304.0,0
rq4.v1,atomic_control,deepdfa_factored,deepdfa,fixed_dfa,factored_cubes,capacity,core_native,cpu,cpu,uniform_bernoulli_p0.5,64,128,5,35,6.410802474003201e-05,6.248695312649488e-05,6.852818489259486e-05,0.009211735366382829,15598.671212459833,14592.535926164006,16003.340696987727,0.07119378999777837,0.0674418800008425,0.07340522300000885,1.0,4595712.0,452194304.0,0
rq4.v1,atomic_control,deepdfa_factored,deepdfa,fixed_dfa,factored_cubes,capacity,end_to_end,cpu,cpu,uniform_bernoulli_p0.5,64,1,5,35,0.0023515742500421766,0.0022942644544937966,0.0024803950833908552,0.0025976680000743117,425.24704460514675,403.16157965969575,435.8695433045179,0.07069615300133592,0.06815739099693019,0.07179344799806131,1.0,4640768.0,454336512.0,0
rq4.v1,atomic_control,deepdfa_factored,deepdfa,fixed_dfa,factored_cubes,capacity,end_to_end,cpu,cpu,uniform_bernoulli_p0.5,64,32,5,35,0.0001620064343796912,0.00015775147812746582,0.00016369723749676268,0.005552399840016733,6172.594340644028,6108.838580857397,6339.084817905689,0.07069615300133592,0.06815739099693019,0.07179344799806131,1.0,4640768.0,454336512.0,0
rq4.v1,atomic_control,deepdfa_factored,deepdfa,fixed_dfa,factored_cubes,capacity,end_to_end,cpu,cpu,uniform_bernoulli_p0.5,64,128,5,35,0.00010449178125071512,0.00010243650781660563,0.00010602429882311526,0.014197355850228632,9570.130665115408,9431.800173169186,9762.144584139109,0.07069615300133592,0.06815739099693019,0.07179344799806131,1.0,4640768.0,454336512.0,0
rq4.v1,atomic_control,deepdfa_factored,deepdfa,fixed_dfa,factored_cubes,deployment,end_to_end,cpu,cpu,early_late_boundary,64,1,5,35,0.0023318468461534046,0.0022861109232158363,0.0024383105833294394,0.002516765792377275,428.84463087684844,410.12002606925086,437.4240942750563,0.06831289899855619,0.06747157999780029,0.07069405800211825,1.0,4591616.0,451616768.0,0
rq4.v1,atomic_control,deepdfa_factored,deepdfa,fixed_dfa,factored_cubes,deployment,end_to_end,cpu,cpu,early_late_boundary,64,64,5,35,0.0001220579479005816,0.00011951484896144393,0.0001283935364616203,0.00842923593324182,8192.829858277792,7788.5540624463,8367.161140977594,0.06831289899855619,0.06747157999780029,0.07069405800211825,1.0,4591616.0,451616768.0,0
rq4.v1,atomic_control,rulerunner_bounded_flat_default,rulerunner,bounded_default,flat_cilp,capacity,core_native,cpu,cpu,uniform_bernoulli_p0.5,64,1,5,35,0.0073791240001810365,0.007207639000019602,0.007747516499875928,0.008092883387598704,135.51744082027437,129.07361991626792,138.74168781167876,0.12539689600089332,0.12324481099858531,0.13158533800014993,1.0,7159808.0,458006528.0,0
rq4.v1,atomic_control,rulerunner_bounded_flat_default,rulerunner,bounded_default,flat_cilp,capacity,core_native,cpu,cpu,uniform_bernoulli_p0.5,64,32,5,35,0.0005175606406169209,0.0005017389843828823,0.000529561218741037,0.017201368550558982,1932.1407416298543,1888.3558021438391,1993.0681711526913,0.12539689600089332,0.12324481099858531,0.13158533800014993,1.0,7159808.0,458006528.0,0
rq4.v1,atomic_control,rulerunner_bounded_flat_default,rulerunner,bounded_default,flat_cilp,capacity,core_native,cpu,cpu,uniform_bernoulli_p0.5,64,128,5,35,0.0003458760937462557,0.00034029781249955704,0.0003640048749957714,0.047688596899388355,2891.2087828007784,2747.2159542138465,2938.6024924897265,0.12539689600089332,0.12324481099858531,0.13158533800014993,1.0,7159808.0,458006528.0,0
rq4.v1,atomic_control,rulerunner_bounded_flat_default,rulerunner,bounded_default,flat_cilp,capacity,end_to_end,cpu,cpu,uniform_bernoulli_p0.5,64,1,5,35,0.007762829667020317,0.007273561166584841,0.008301892666471153,0.00845344841673068,128.81900581284296,120.45446022672628,137.4842360017618,0.12610790399776306,0.12468231900129467,0.13169167000160087,1.0,7159808.0,461008896.0,0
rq4.v1,atomic_control,rulerunner_bounded_flat_default,rulerunner,bounded_default,flat_cilp,capacity,end_to_end,cpu,cpu,uniform_bernoulli_p0.5,64,32,5,35,0.0005686737187602375,0.0005549270937308393,0.0006036764687564755,0.019675770699905115,1758.4776067726402,1656.5164483881883,1802.03852235234,0.12610790399776306,0.12468231900129467,0.13169167000160087,1.0,7159808.0,461008896.0,0
rq4.v1,atomic_control,rulerunner_bounded_flat_default,rulerunner,bounded_default,flat_cilp,capacity,end_to_end,cpu,cpu,uniform_bernoulli_p0.5,64,128,5,35,0.00038259686718333796,0.00038088571093908286,0.00039077473437032495,0.05225872349983547,2613.7171675292534,2559.019076838093,2625.4594784731516,0.12610790399776306,0.12468231900129467,0.13169167000160087,1.0,7159808.0,461008896.0,0
rq4.v1,atomic_control,rulerunner_bounded_flat_default,rulerunner,bounded_default,flat_cilp,deployment,end_to_end,cpu,cpu,early_late_boundary,64,1,5,35,0.00736467066659922,0.007140832000004593,0.0075638436665030895,0.008193229300074259,135.7833968781892,132.20791492935751,140.03970405680414,0.12616443599836202,0.12311642399799894,0.13146310199954314,1.0,7159808.0,456962048.0,0
rq4.v1,atomic_control,rulerunner_bounded_flat_default,rulerunner,bounded_default,flat_cilp,deployment,end_to_end,cpu,cpu,early_late_boundary,64,64,5,35,0.00035858349218642616,0.00035000932030015974,0.0003700596953137847,0.025027077399681727,2788.7507980431624,2702.2667225407245,2857.066775085942,0.12616443599836202,0.12311642399799894,0.13146310199954314,1.0,7159808.0,456962048.0,0
rq4.v1,atomic_control,rulerunner_bounded_flat_exact,rulerunner,bounded_exact_online,flat_cilp,capacity,core_native,cpu,cpu,uniform_bernoulli_p0.5,64,1,5,35,0.00742184783302946,0.007195215000137978,0.00801622683320602,0.008357020749766282,134.73733529670315,124.74696896770058,138.98125351095467,0.16432864799935487,0.15962976400260231,0.16857343000083347,1.0,7430144.0,457740288.0,0
rq4.v1,atomic_control,rulerunner_bounded_flat_exact,rulerunner,bounded_exact_online,flat_cilp,capacity,core_native,cpu,cpu,uniform_bernoulli_p0.5,64,32,5,35,0.000522680468748149,0.0005063053125127226,0.0005431343437294345,0.01927338074965519,1913.2147837761374,1841.165103155686,1975.0928447444874,0.16432864799935487,0.15962976400260231,0.16857343000083347,1.0,7430144.0,457740288.0,0
rq4.v1,atomic_control,rulerunner_bounded_flat_exact,rulerunner,bounded_exact_online,flat_cilp,capacity,core_native,cpu,cpu,uniform_bernoulli_p0.5,64,128,5,35,0.0003457323281281788,0.0003374178359365487,0.00036387555468309074,0.051101075798942464,2892.411032008711,2748.192306765228,2963.6844692111936,0.16432864799935487,0.15962976400260231,0.16857343000083347,1.0,7430144.0,457740288.0,0
rq4.v1,atomic_control,rulerunner_bounded_flat_exact,rulerunner,bounded_exact_online,flat_cilp,capacity,end_to_end,cpu,cpu,uniform_bernoulli_p0.5,64,1,5,35,0.007386743500319426,0.00727901899972494,0.007791204166399742,0.008037531312720602,135.37765321846587,128.34986462202963,137.38114985519175,0.16363136899963138,0.16146151999782887,0.16528885099978652,1.0,7430144.0,460906496.0,0
rq4.v1,atomic_control,rulerunner_bounded_flat_exact,rulerunner,bounded_exact_online,flat_cilp,capacity,end_to_end,cpu,cpu,uniform_bernoulli_p0.5,64,32,5,35,0.0005829816875007054,0.0005468480624699623,0.0006220023436753763,0.0211405541989734,1715.3197457832498,1607.7109839989623,1828.6615033127757,0.16363136899963138,0.16146151999782887,0.16528885099978652,1.0,7430144.0,460906496.0,0
rq4.v1,atomic_control,rulerunner_bounded_flat_exact,rulerunner,bounded_exact_online,flat_cilp,capacity,end_to_end,cpu,cpu,uniform_bernoulli_p0.5,64,128,5,35,0.00039020001560174933,0.00038663989843712443,0.0004141327109152826,0.05437740430133999,2562.788211214815,2414.684891202825,2586.38594734325,0.16363136899963138,0.16146151999782887,0.16528885099978652,1.0,7430144.0,460906496.0,0
rq4.v1,atomic_control,rulerunner_bounded_flat_exact,rulerunner,bounded_exact_online,flat_cilp,deployment,end_to_end,cpu,cpu,early_late_boundary,64,1,5,35,0.007469309000346887,0.007211790333409833,0.0077580873336652685,0.008024651641517267,133.8811930198039,128.89774979209406,138.66182373152637,0.16048713299824158,0.158872476000397,0.16502426999795716,1.0,7430144.0,456421376.0,0
rq4.v1,atomic_control,rulerunner_bounded_flat_exact,rulerunner,bounded_exact_online,flat_cilp,deployment,end_to_end,cpu,cpu,early_late_boundary,64,64,5,35,0.00037598135938310406,0.00035201271094820186,0.0003833496796801228,0.0254782478996276,2659.706325975208,2608.5844152378754,2840.8065075444065,0.16048713299824158,0.158872476000397,0.16502426999795716,1.0,7430144.0,456421376.0,0
rq4.v1,atomic_control,rulerunner_original_flat,rulerunner,original,flat_cilp,capacity,core_native,cpu,cpu,uniform_bernoulli_p0.5,64,1,5,35,0.007130908833156961,0.006860682833575993,0.007512954999886763,0.007683285749590141,140.23457926572382,133.1034193622978,145.75808622226748,0.05369962600161671,0.05272388400044292,0.0550549180006783,1.0,5111808.0,456069120.0,0
rq4.v1,atomic_control,rulerunner_original_flat,rulerunner,original,flat_cilp,capacity,core_native,cpu,cpu,uniform_bernoulli_p0.5,64,32,5,35,0.0002643160520771441,0.0002595183437392734,0.0002733766250078891,0.009055169050043332,3783.3494868792036,3657.957222828184,3853.2921626713824,0.05369962600161671,0.05272388400044292,0.0550549180006783,1.0,5111808.0,456069120.0,0
rq4.v1,atomic_control,rulerunner_original_flat,rulerunner,original,flat_cilp,capacity,core_native,cpu,cpu,uniform_bernoulli_p0.5,64,128,5,35,8.847553711177625e-05,8.784274414352922e-05,9.412675195363818e-05,0.012787221475082333,11302.559245688923,10623.972242158603,11383.979516464859,0.05369962600161671,0.05272388400044292,0.0550549180006783,1.0,5111808.0,456069120.0,0
rq4.v1,atomic_control,rulerunner_original_flat,rulerunner,original,flat_cilp,capacity,end_to_end,cpu,cpu,uniform_bernoulli_p0.5,64,1,5,35,0.0073937779998232145,0.007195153667150104,0.0074438800002099015,0.007990743199843563,135.24885383682198,134.33854387386714,138.98243821609518,0.05441843299922766,0.053428442999575054,0.05680129300162662,1.0,5165056.0,457650176.0,0
rq4.v1,atomic_control,rulerunner_original_flat,rulerunner,original,flat_cilp,capacity,end_to_end,cpu,cpu,uniform_bernoulli_p0.5,64,32,5,35,0.00030386479687649626,0.0003010602968913645,0.0003484319166394319,0.011680616666247562,3290.937319094726,2870.001145833121,3321.593748247857,0.05441843299922766,0.053428442999575054,0.05680129300162662,1.0,5165056.0,457650176.0,0
rq4.v1,atomic_control,rulerunner_original_flat,rulerunner,original,flat_cilp,capacity,end_to_end,cpu,cpu,uniform_bernoulli_p0.5,64,128,5,35,0.00012840355859111696,0.00012708806249861482,0.00013077003126227282,0.018012940500375406,7787.946151744587,7647.012012977168,7868.559645489122,0.05441843299922766,0.053428442999575054,0.05680129300162662,1.0,5165056.0,457650176.0,0
rq4.v1,atomic_control,rulerunner_original_flat,rulerunner,original,flat_cilp,deployment,end_to_end,cpu,cpu,early_late_boundary,64,1,5,35,0.007163023500349179,0.007062177125135349,0.007514823000140798,0.0084098344668746,139.60585218675502,133.07033312444804,141.59939382444117,0.05399548200148274,0.0527276900029392,0.054407135998189915,1.0,5165056.0,455454720.0,0
rq4.v1,atomic_control,rulerunner_original_flat,rulerunner,original,flat_cilp,deployment,end_to_end,cpu,cpu,early_late_boundary,64,64,5,35,0.00018442920313077593,0.00018177523438112075,0.00019636760546859477,0.01295622329962498,5422.13479765954,5092.489657923393,5501.299466919353,0.05399548200148274,0.0527276900029392,0.054407135998189915,1.0,5165056.0,455454720.0,0
rq4.v1,atomic_control,rulerunner_progression_flat,rulerunner,progression,flat_cilp,capacity,core_native,cpu,cpu,uniform_bernoulli_p0.5,64,1,5,35,0.004246780124958605,0.004167202499957057,0.004565674713895922,0.004910815525090583,235.47251578270667,219.02567805727296,239.96913997107293,0.05360209300124552,0.05279817799964803,0.05852384700119728,1.0,4890624.0,455008256.0,0
rq4.v1,atomic_control,rulerunner_progression_flat,rulerunner,progression,flat_cilp,capacity,core_native,cpu,cpu,uniform_bernoulli_p0.5,64,32,5,35,0.00016485116874491722,0.00015903959374554688,0.00017041017500787347,0.005615567159911733,6066.077708841433,5868.194196466244,6287.742419663972,0.05360209300124552,0.05279817799964803,0.05852384700119728,1.0,4890624.0,455008256.0,0
rq4.v1,atomic_control,rulerunner_progression_flat,rulerunner,progression,flat_cilp,capacity,core_native,cpu,cpu,uniform_bernoulli_p0.5,64,128,5,35,6.316686197749277e-05,6.115245442591306e-05,6.505261458282045e-05,0.008698189666271597,15831.0856150542,15372.172301035951,16352.573406706219,0.05360209300124552,0.05279817799964803,0.05852384700119728,1.0,4890624.0,455008256.0,0
rq4.v1,atomic_control,rulerunner_progression_flat,rulerunner,progression,flat_cilp,capacity,end_to_end,cpu,cpu,uniform_bernoulli_p0.5,64,1,5,35,0.004316499749923726,0.004273188000037668,0.004422455583153351,0.004582451875103288,231.66918983782412,226.1187209679036,234.0173191516931,0.054378842000005534,0.05371691199979978,0.061206146001495654,1.0,4886528.0,456744960.0,0
rq4.v1,atomic_control,rulerunner_progression_flat,rulerunner,progression,flat_cilp,capacity,end_to_end,cpu,cpu,uniform_bernoulli_p0.5,64,32,5,35,0.0002061620742068726,0.00020236282030339225,0.0002158806054666229,0.007262516237551608,4850.552672440391,4632.190084137081,4941.61920900663,0.054378842000005534,0.05371691199979978,0.061206146001495654,1.0,4886528.0,456744960.0,0
rq4.v1,atomic_control,rulerunner_progression_flat,rulerunner,progression,flat_cilp,capacity,end_to_end,cpu,cpu,uniform_bernoulli_p0.5,64,128,5,35,0.00010222656445080247,0.00010107739062448218,0.00010435768554373226,0.013697542074987723,9782.193164490622,9582.42792363327,9893.409335378983,0.054378842000005534,0.05371691199979978,0.061206146001495654,1.0,4886528.0,456744960.0,0
rq4.v1,atomic_control,rulerunner_progression_flat,rulerunner,progression,flat_cilp,deployment,end_to_end,cpu,cpu,early_late_boundary,64,1,5,35,0.0044911772498987075,0.004340020833296876,0.004625330199996824,0.005071276710041274,222.65876948467212,216.20078064927918,230.4136404894524,0.05495287500161794,0.05284178600049927,0.05701162999685039,1.0,4890624.0,454270976.0,0
rq4.v1,atomic_control,rulerunner_progression_flat,rulerunner,progression,flat_cilp,deployment,end_to_end,cpu,cpu,early_late_boundary,64,64,5,35,0.000137464992188067,0.000133049429687541,0.00014146737761204045,0.009210934950048492,7274.579397144924,7068.7674916997175,7516.003656298588,0.05495287500161794,0.05284178600049927,0.05701162999685039,1.0,4890624.0,454270976.0,0
rq4.v1,atomic_control,symbolic_guarded,symbolic_dfa,canonical_dfa,guarded_edges,capacity,core_native,cpu,cpu,uniform_bernoulli_p0.5,64,1,5,35,5.575436464483812e-05,5.299045951393158e-05,5.809979464288517e-05,5.918282010294902e-05,17935.815543233573,17211.764794464016,18871.321539249773,0.06557592299941462,0.06349260699789738,0.06691736700304318,1.0,0.0,442961920.0,0
rq4.v1,atomic_control,symbolic_guarded,symbolic_dfa,canonical_dfa,guarded_edges,capacity,core_native,cpu,cpu,uniform_bernoulli_p0.5,64,32,5,35,5.724556445585449e-05,5.628191359739824e-05,5.958425735490677e-05,0.00194260587937392,17468.602318895122,16782.956512214547,17767.697224250514,0.06557592299941462,0.06349260699789738,0.06691736700304318,1.0,0.0,442961920.0,0
rq4.v1,atomic_control,symbolic_guarded,symbolic_dfa,canonical_dfa,guarded_edges,capacity,core_native,cpu,cpu,uniform_bernoulli_p0.5,64,128,5,35,5.536197070199478e-05,5.4428126951222566e-05,5.584441210970681e-05,0.007276839662426937,18062.9408115338,17906.894570498687,18372.853449397233,0.06557592299941462,0.06349260699789738,0.06691736700304318,1.0,0.0,442961920.0,0
rq4.v1,atomic_control,symbolic_guarded,symbolic_dfa,canonical_dfa,guarded_edges,capacity,core_native,cuda,cpu,uniform_bernoulli_p0.5,64,1,5,35,5.626692521210728e-05,5.481637322421693e-05,5.6575634145717904e-05,6.081388081891764e-05,17772.43018399065,17675.45366657968,18242.724594523468,0.06510691799849155,0.06363652099753381,0.06679862199962372,1.0,0.0,442773504.0,0
rq4.v1,atomic_control,symbolic_guarded,symbolic_dfa,canonical_dfa,guarded_edges,capacity,core_native,cuda,cpu,uniform_bernoulli_p0.5,64,32,5,35,5.7732784926777054e-05,5.593959765803902e-05,5.87230537121286e-05,0.0018905069706413675,17321.180699464054,17029.08716059262,17876.424605572596,0.06510691799849155,0.06363652099753381,0.06679862199962372,1.0,0.0,442773504.0,0
rq4.v1,atomic_control,symbolic_guarded,symbolic_dfa,canonical_dfa,guarded_edges,capacity,core_native,cuda,cpu,uniform_bernoulli_p0.5,64,128,5,35,5.589963085839145e-05,5.4991657549408046e-05,5.653135058736325e-05,0.007450787912466695,17889.205789806816,17689.299647186126,18184.576435099007,0.06510691799849155,0.06363652099753381,0.06679862199962372,1.0,0.0,442773504.0,0
rq4.v1,atomic_control,symbolic_guarded,symbolic_dfa,canonical_dfa,guarded_edges,capacity,end_to_end,cpu,cpu,uniform_bernoulli_p0.5,64,1,5,35,9.645164499791765e-05,9.455428691532059e-05,9.969217338831157e-05,0.00010380818630450872,10367.889526628494,10030.877710980321,10575.935080506333,0.0636550620001799,0.06285176399978809,0.06958547799877124,1.0,0.0,444710912.0,0
rq4.v1,atomic_control,symbolic_guarded,symbolic_dfa,canonical_dfa,guarded_edges,capacity,end_to_end,cpu,cpu,uniform_bernoulli_p0.5,64,32,5,35,9.541946874631119e-05,9.401448090152876e-05,9.740282117971017e-05,0.0032679260416368073,10480.041579970113,10266.643079618607,10636.659272175368,0.0636550620001799,0.06285176399978809,0.06958547799877124,1.0,0.0,444710912.0,0
rq4.v1,atomic_control,symbolic_guarded,symbolic_dfa,canonical_dfa,guarded_edges,capacity,end_to_end,cpu,cpu,uniform_bernoulli_p0.5,64,128,5,35,9.500275000107195e-05,9.289233203446656e-05,9.714214257883214e-05,0.013022774499677325,10526.011089033915,10294.193369149612,10765.151203534886,0.0636550620001799,0.06285176399978809,0.06958547799877124,1.0,0.0,444710912.0,0
rq4.v1,atomic_control,symbolic_guarded,symbolic_dfa,canonical_dfa,guarded_edges,capacity,end_to_end,cuda,cpu,uniform_bernoulli_p0.5,64,1,5,35,9.683015357170786e-05,9.402489966927725e-05,9.800201281665308e-05,9.98399897336903e-05,10327.361499632932,10203.872055881633,10635.480638824349,0.06717375699736294,0.06510358400191762,0.07819203799954266,1.0,0.0,444837888.0,0
rq4.v1,atomic_control,symbolic_guarded,symbolic_dfa,canonical_dfa,guarded_edges,capacity,end_to_end,cuda,cpu,uniform_bernoulli_p0.5,64,32,5,35,9.586395000269477e-05,9.406241145547433e-05,9.981949826472676e-05,0.0032717510500838718,10431.449986902164,10018.082813319152,10631.239243460848,0.06717375699736294,0.06510358400191762,0.07819203799954266,1.0,0.0,444837888.0,0
rq4.v1,atomic_control,symbolic_guarded,symbolic_dfa,canonical_dfa,guarded_edges,capacity,end_to_end,cuda,cpu,uniform_bernoulli_p0.5,64,128,5,35,9.544611913980816e-05,9.36373632782761e-05,9.961612890663218e-05,0.01324965650010199,10477.115350653638,10038.535034193872,10679.497638438954,0.06717375699736294,0.06510358400191762,0.07819203799954266,1.0,0.0,444837888.0,0
rq4.v1,atomic_control,symbolic_guarded,symbolic_dfa,canonical_dfa,guarded_edges,deployment,end_to_end,cpu,cpu,early_late_boundary,64,1,5,35,4.1048389855701396e-05,4.0451891583141594e-05,4.230767924783627e-05,4.308668824524976e-05,24361.49148639762,23636.37093261604,24720.722835536126,0.06652155999836395,0.06309472100110725,0.06868197299991152,0.015625,0.0,442441728.0,0
rq4.v1,atomic_control,symbolic_guarded,symbolic_dfa,canonical_dfa,guarded_edges,deployment,end_to_end,cpu,cpu,early_late_boundary,64,64,5,35,4.056502187381739e-05,3.9576715912723806e-05,4.1090321183724475e-05,0.0026962712151755407,24651.780125020665,24336.631381603594,25267.382018387805,0.06652155999836395,0.06309472100110725,0.06868197299991152,0.015625,0.0,442441728.0,0
rq4.v1,atomic_control,symbolic_guarded,symbolic_dfa,canonical_dfa,guarded_edges,deployment,end_to_end,cuda,cpu,early_late_boundary,64,1,5,35,4.184721563383398e-05,4.0725518815456444e-05,4.20970107610618e-05,4.606284189323045e-05,23896.452484439324,23754.65578009552,24554.628868729666,0.06679877400165424,0.06461593199855997,0.07318796699837549,0.015625,0.0,442273792.0,0
rq4.v1,atomic_control,symbolic_guarded,symbolic_dfa,canonical_dfa,guarded_edges,deployment,end_to_end,cuda,cpu,early_late_boundary,64,64,5,35,3.968852272671277e-05,3.933636631674947e-05,4.018841476946281e-05,0.002661997505952104,25196.201100398725,24882.792858001718,25421.768547396277,0.06679877400165424,0.06461593199855997,0.07318796699837549,0.015625,0.0,442273792.0,0
rq4.v1,ijcnn_balanced_n4,deepdfa_dense,deepdfa,fixed_dfa,dense,capacity,core_native,cpu,cpu,uniform_bernoulli_p0.5,64,1,5,35,0.0012301693600602448,0.0012228615000064262,0.0013706597499347278,0.0014520483527582352,812.8962015043419,729.5756660598088,817.7540956148713,0.11179481799990754,0.10988490899762837,0.11432604499714216,1.0,5083136.0,453083136.0,0
rq4.v1,ijcnn_balanced_n4,deepdfa_dense,deepdfa,fixed_dfa,dense,capacity,core_native,cpu,cpu,uniform_bernoulli_p0.5,64,32,5,35,0.00011013303125650964,0.00010674379101516251,0.00011072377343879225,0.0036371608624449435,9079.928052383402,9031.484106281809,9368.226390403861,0.11179481799990754,0.10988490899762837,0.11432604499714216,1.0,5083136.0,453083136.0,0
rq4.v1,ijcnn_balanced_n4,deepdfa_dense,deepdfa,fixed_dfa,dense,capacity,core_native,cpu,cpu,uniform_bernoulli_p0.5,64,128,5,35,7.995207812427907e-05,7.848840755286801e-05,8.169126757451295e-05,0.011129515374886977,12507.492281133462,12241.210470725911,12740.734984671752,0.11179481799990754,0.10988490899762837,0.11432604499714216,1.0,5083136.0,453083136.0,0
rq4.v1,ijcnn_balanced_n4,deepdfa_dense,deepdfa,fixed_dfa,dense,capacity,end_to_end,cpu,cpu,uniform_bernoulli_p0.5,64,1,5,35,0.0013117930952181009,0.0012725648636908525,0.0013194146522437222,0.0014012279217675548,762.3153404643729,757.9118500006472,785.8145612316172,0.11551008800233831,0.1130156370018085,0.11789787499947124,1.0,5054464.0,454402048.0,0
rq4.v1,ijcnn_balanced_n4,deepdfa_dense,deepdfa,fixed_dfa,dense,capacity,end_to_end,cpu,cpu,uniform_bernoulli_p0.5,64,32,5,35,0.000188468565625044,0.00018543776250226073,0.00019022718750250078,0.00652436620728622,5305.924607021673,5256.872128159145,5392.644877214848,0.11551008800233831,0.1130156370018085,0.11789787499947124,1.0,5054464.0,454402048.0,0
rq4.v1,ijcnn_balanced_n4,deepdfa_dense,deepdfa,fixed_dfa,dense,capacity,end_to_end,cpu,cpu,uniform_bernoulli_p0.5,64,128,5,35,0.00015607611327084214,0.00015405739843288302,0.00015867451170947788,0.021019527650241798,6407.13033559901,6302.209404815634,6491.087154348268,0.11551008800233831,0.1130156370018085,0.11789787499947124,1.0,5054464.0,454402048.0,0
rq4.v1,ijcnn_balanced_n4,deepdfa_dense,deepdfa,fixed_dfa,dense,deployment,end_to_end,cpu,cpu,early_late_boundary,64,1,5,35,0.0014255054000386735,0.001379135499973927,0.0014505113333490001,0.0015253059471316583,701.5055852982881,689.4120556032879,725.0919144775154,0.11346469099953538,0.11087262400178588,0.11714948200096842,1.0,5160960.0,452898816.0,0
rq4.v1,ijcnn_balanced_n4,deepdfa_dense,deepdfa,fixed_dfa,dense,deployment,end_to_end,cpu,cpu,early_late_boundary,64,64,5,35,0.0002212597656239268,0.00021669190624606927,0.00023020381246396937,0.014923672501026886,4519.574524451458,4343.976710448774,4614.847030162852,0.11346469099953538,0.11087262400178588,0.11714948200096842,1.0,5160960.0,452898816.0,0
rq4.v1,ijcnn_balanced_n4,deepdfa_factored,deepdfa,fixed_dfa,factored_cubes,capacity,core_native,cpu,cpu,uniform_bernoulli_p0.5,64,1,5,35,0.002273767100086843,0.002231243250056044,0.0023461323333625237,0.002640674584598365,439.7987814854945,426.23341649564156,448.18062753798006,0.11962404800215154,0.11302123099812889,0.17369769799915957,1.0,5971968.0,454836224.0,0
rq4.v1,ijcnn_balanced_n4,deepdfa_factored,deepdfa,fixed_dfa,factored_cubes,capacity,core_native,cpu,cpu,uniform_bernoulli_p0.5,64,32,5,35,0.00014486391926501105,0.00014327618749613671,0.00014834023750154302,0.005057738199957384,6903.030133891523,6741.259262104108,6979.526866786317,0.11962404800215154,0.11302123099812889,0.17369769799915957,1.0,5971968.0,454836224.0,0
rq4.v1,ijcnn_balanced_n4,deepdfa_factored,deepdfa,fixed_dfa,factored_cubes,capacity,core_native,cpu,cpu,uniform_bernoulli_p0.5,64,128,5,35,9.32617402327196e-05,9.237318555221918e-05,9.375267773492624e-05,0.012340325849709188,10722.510619088402,10666.362008639078,10825.652423069174,0.11962404800215154,0.11302123099812889,0.17369769799915957,1.0,5971968.0,454836224.0,0
rq4.v1,ijcnn_balanced_n4,deepdfa_factored,deepdfa,fixed_dfa,factored_cubes,capacity,end_to_end,cpu,cpu,uniform_bernoulli_p0.5,64,1,5,35,0.0024014454167324097,0.0023365815832221415,0.002532437333229609,0.0025490104083625434,416.41587730137815,394.8765037058995,427.9756406455117,0.11677913200037437,0.113371516999905,0.12192262299868162,1.0,5939200.0,455823360.0,0
rq4.v1,ijcnn_balanced_n4,deepdfa_factored,deepdfa,fixed_dfa,factored_cubes,capacity,end_to_end,cpu,cpu,uniform_bernoulli_p0.5,64,32,5,35,0.00022506270312305787,0.00021969682030942295,0.00025522340625154055,0.008334289266773945,4443.206209307939,3918.1359370089667,4551.727232973109,0.11677913200037437,0.113371516999905,0.12192262299868162,1.0,5939200.0,455823360.0,0
rq4.v1,ijcnn_balanced_n4,deepdfa_factored,deepdfa,fixed_dfa,factored_cubes,capacity,end_to_end,cpu,cpu,uniform_bernoulli_p0.5,64,128,5,35,0.000170351898447052,0.00016685641406866125,0.0001831913515530914,0.02376717370116239,5870.201677328623,5458.772979848812,5993.176861564944,0.11677913200037437,0.113371516999905,0.12192262299868162,1.0,5939200.0,455823360.0,0
rq4.v1,ijcnn_balanced_n4,deepdfa_factored,deepdfa,fixed_dfa,factored_cubes,deployment,end_to_end,cpu,cpu,early_late_boundary,64,1,5,35,0.002445634111103977,0.002376958166678378,0.0026038446667371318,0.0026812347249081845,408.89190883447105,384.04748669324283,420.70576336537954,0.11704470000040601,0.11581607299740426,0.11986631299805595,1.0,5959680.0,453939200.0,0
rq4.v1,ijcnn_balanced_n4,deepdfa_factored,deepdfa,fixed_dfa,factored_cubes,deployment,end_to_end,cpu,cpu,early_late_boundary,64,64,5,35,0.00024001946877660885,0.0002394976093569312,0.00024261792185598097,0.016124034500171545,4166.328694489033,4121.707054244757,4175.407022579782,0.11704470000040601,0.11581607299740426,0.11986631299805595,1.0,5959680.0,453939200.0,0
rq4.v1,ijcnn_balanced_n4,rulerunner_bounded_flat_default,rulerunner,bounded_default,flat_cilp,capacity,core_native,cpu,cpu,uniform_bernoulli_p0.5,64,1,5,35,0.008744203500100411,0.008710038833063058,0.008980176999709025,0.009430853399680927,114.3614738596279,111.35637972752674,114.81005069736644,0.12671061000219197,0.12367247400106862,0.12868177999916952,1.0,7159808.0,470929408.0,0
rq4.v1,ijcnn_balanced_n4,rulerunner_bounded_flat_default,rulerunner,bounded_default,flat_cilp,capacity,core_native,cpu,cpu,uniform_bernoulli_p0.5,64,32,5,35,0.001456298281141244,0.0014404943750605526,0.0016231707500082848,0.09201759170136922,686.6725127329953,616.07812979312,694.2061123688623,0.12671061000219197,0.12367247400106862,0.12868177999916952,1.0,7159808.0,470929408.0,0
rq4.v1,ijcnn_balanced_n4,rulerunner_bounded_flat_default,rulerunner,bounded_default,flat_cilp,capacity,core_native,cpu,cpu,uniform_bernoulli_p0.5,64,128,5,35,0.002429125226569795,0.002312200937495845,0.0025656389062476137,0.38920869479989045,411.6708307426848,389.7664622893306,432.48836369862295,0.12671061000219197,0.12367247400106862,0.12868177999916952,1.0,7159808.0,470929408.0,0
rq4.v1,ijcnn_balanced_n4,rulerunner_bounded_flat_default,rulerunner,bounded_default,flat_cilp,capacity,end_to_end,cpu,cpu,uniform_bernoulli_p0.5,64,1,5,35,0.008925332166957864,0.008748303000174928,0.009299588499440384,0.009627241783285475,112.04064804468145,107.53163971289443,114.3078834809453,0.12637278100010008,0.12478173800263903,0.13305661299818894,1.0,7159808.0,473509888.0,0
rq4.v1,ijcnn_balanced_n4,rulerunner_bounded_flat_default,rulerunner,bounded_default,flat_cilp,capacity,end_to_end,cpu,cpu,uniform_bernoulli_p0.5,64,32,5,35,0.0017870361874656737,0.0015482292811839216,0.002264003218783728,0.1428339765010605,559.5857582594189,441.6954851050176,645.8991650353661,0.12637278100010008,0.12478173800263903,0.13305661299818894,1.0,7159808.0,473509888.0,0
rq4.v1,ijcnn_balanced_n4,rulerunner_bounded_flat_default,rulerunner,bounded_default,flat_cilp,capacity,end_to_end,cpu,cpu,uniform_bernoulli_p0.5,64,128,5,35,0.002478372656241845,0.0023521125625052264,0.0027096143593610122,0.4213996939994103,403.4905717190974,369.0562077755679,425.14972112342434,0.12637278100010008,0.12478173800263903,0.13305661299818894,1.0,7159808.0,473509888.0,0
rq4.v1,ijcnn_balanced_n4,rulerunner_bounded_flat_default,rulerunner,bounded_default,flat_cilp,deployment,end_to_end,cpu,cpu,early_late_boundary,64,1,5,35,0.010591322750769905,0.010246872000607254,0.010765779749817739,0.01141129612442455,94.4169131213859,92.88690863445629,97.59075744683231,0.12837128899991512,0.12593660299899057,0.1345446980012639,1.0,7159808.0,465367040.0,0
rq4.v1,ijcnn_balanced_n4,rulerunner_bounded_flat_default,rulerunner,bounded_default,flat_cilp,deployment,end_to_end,cpu,cpu,early_late_boundary,64,64,5,35,0.0021084222968852373,0.0013928677187777794,0.00292748634376494,0.2606519640987244,474.2882872550226,341.58997944766986,717.9432666279932,0.12837128899991512,0.12593660299899057,0.1345446980012639,1.0,7159808.0,465367040.0,0
rq4.v1,ijcnn_balanced_n4,rulerunner_bounded_flat_exact,rulerunner,bounded_exact_online,flat_cilp,capacity,core_native,cpu,cpu,uniform_bernoulli_p0.5,64,1,5,35,0.008856009500353442,0.008786772333526946,0.009515085000505982,0.00976309433329637,112.91767471117664,105.09627606551315,113.80743258640996,0.1647795610006142,0.1602319899975555,0.16971831699993345,1.0,7430144.0,468348928.0,0
rq4.v1,ijcnn_balanced_n4,rulerunner_bounded_flat_exact,rulerunner,bounded_exact_online,flat_cilp,capacity,core_native,cpu,cpu,uniform_bernoulli_p0.5,64,32,5,35,0.0015582334686996546,0.0014732982186842492,0.0017432277811622043,0.14909673090151038,641.752356169387,573.6484989547971,678.7492086246224,0.1647795610006142,0.1602319899975555,0.16971831699993345,1.0,7430144.0,468348928.0,0
rq4.v1,ijcnn_balanced_n4,rulerunner_bounded_flat_exact,rulerunner,bounded_exact_online,flat_cilp,capacity,core_native,cpu,cpu,uniform_bernoulli_p0.5,64,128,5,35,0.002437116992183519,0.002239762484379071,0.0026855683046846934,0.3931058930997096,410.3208845563284,372.3606650613222,446.47591294807756,0.1647795610006142,0.1602319899975555,0.16971831699993345,1.0,7430144.0,468348928.0,0
rq4.v1,ijcnn_balanced_n4,rulerunner_bounded_flat_exact,rulerunner,bounded_exact_online,flat_cilp,capacity,end_to_end,cpu,cpu,uniform_bernoulli_p0.5,64,1,5,35,0.009149033333111825,0.008709065500321836,0.00998366149966993,0.010088738016869077,109.3011647887257,100.1636523867582,114.82288196857009,0.15956499399908353,0.1578865119990951,0.16849859000285505,1.0,7430144.0,472801280.0,0
rq4.v1,ijcnn_balanced_n4,rulerunner_bounded_flat_exact,rulerunner,bounded_exact_online,flat_cilp,capacity,end_to_end,cpu,cpu,uniform_bernoulli_p0.5,64,32,5,35,0.00166712621876286,0.0015915861563371436,0.0016843516875724163,0.14195927160035351,599.8346068494318,593.7002393135944,628.3040324385502,0.15956499399908353,0.1578865119990951,0.16849859000285505,1.0,7430144.0,472801280.0,0
rq4.v1,ijcnn_balanced_n4,rulerunner_bounded_flat_exact,rulerunner,bounded_exact_online,flat_cilp,capacity,end_to_end,cpu,cpu,uniform_bernoulli_p0.5,64,128,5,35,0.0025158610937694448,0.002277589820295134,0.0027785892109477572,0.4070070391997433,397.4782242455714,359.89486897162,439.06062061272223,0.15956499399908353,0.1578865119990951,0.16849859000285505,1.0,7430144.0,472801280.0,0
rq4.v1,ijcnn_balanced_n4,rulerunner_bounded_flat_exact,rulerunner,bounded_exact_online,flat_cilp,deployment,end_to_end,cpu,cpu,early_late_boundary,64,1,5,35,0.010278241250489373,0.010148018250220048,0.010443150500577758,0.011006582175014046,97.29290990833549,95.7565439610083,98.54140733126059,0.16128751300129807,0.16002252500038594,0.1645085830023163,1.0,7430144.0,465522688.0,0
rq4.v1,ijcnn_balanced_n4,rulerunner_bounded_flat_exact,rulerunner,bounded_exact_online,flat_cilp,deployment,end_to_end,cpu,cpu,early_late_boundary,64,64,5,35,0.0028906743281140734,0.0010921143593805027,0.0031810832499559183,0.2874055161984869,345.9400425271765,314.35832432673914,915.6550240464247,0.16128751300129807,0.16002252500038594,0.1645085830023163,1.0,7430144.0,465522688.0,0
rq4.v1,ijcnn_balanced_n4,rulerunner_original_flat,rulerunner,original,flat_cilp,capacity,core_native,cpu,cpu,uniform_bernoulli_p0.5,64,1,5,35,0.008170100500137778,0.008040756333381674,0.008466564166762206,0.00902466176667076,122.39751518150068,118.11166611431013,124.36641014085217,0.057222101000661496,0.05636336399766151,0.06553789900135598,1.0,6438912.0,457621504.0,0
rq4.v1,ijcnn_balanced_n4,rulerunner_original_flat,rulerunner,original,flat_cilp,capacity,core_native,cpu,cpu,uniform_bernoulli_p0.5,64,32,5,35,0.0006792629062601918,0.0006067738437423031,0.0007344524374843786,0.025238697650092946,1472.1840259255225,1361.5585556842398,1648.060492905327,0.057222101000661496,0.05636336399766151,0.06553789900135598,1.0,6438912.0,457621504.0,0
rq4.v1,ijcnn_balanced_n4,rulerunner_original_flat,rulerunner,original,flat_cilp,capacity,core_native,cpu,cpu,uniform_bernoulli_p0.5,64,128,5,35,0.00031127979687539664,0.0003090751875163278,0.00033899250780677903,0.050503126198600506,3212.5438593764366,2949.917703107427,3235.4586857515765,0.057222101000661496,0.05636336399766151,0.06553789900135598,1.0,6438912.0,457621504.0,0
rq4.v1,ijcnn_balanced_n4,rulerunner_original_flat,rulerunner,original,flat_cilp,capacity,end_to_end,cpu,cpu,uniform_bernoulli_p0.5,64,1,5,35,0.008347338166762105,0.007907074333464456,0.008859849333020975,0.009027104983215394,119.79866875189693,112.86873652274924,126.46902733262324,0.05745706000016071,0.055224053998244926,0.06256476800263044,1.0,6438912.0,461754368.0,0
rq4.v1,ijcnn_balanced_n4,rulerunner_original_flat,rulerunner,original,flat_cilp,capacity,end_to_end,cpu,cpu,uniform_bernoulli_p0.5,64,32,5,35,0.0007154166562486353,0.0006902007187363779,0.0007424269687135165,0.04068662900135674,1397.786857862114,1346.9338293742321,1448.8538954737744,0.05745706000016071,0.055224053998244926,0.06256476800263044,1.0,6438912.0,461754368.0,0
rq4.v1,ijcnn_balanced_n4,rulerunner_original_flat,rulerunner,original,flat_cilp,capacity,end_to_end,cpu,cpu,uniform_bernoulli_p0.5,64,128,5,35,0.00043000350001420884,0.00039770984375309126,0.000442877632821137,0.06560413530023651,2325.5624662751734,2257.960045599922,2514.3958986864463,0.05745706000016071,0.055224053998244926,0.06256476800263044,1.0,6438912.0,461754368.0,0
rq4.v1,ijcnn_balanced_n4,rulerunner_original_flat,rulerunner,original,flat_cilp,deployment,end_to_end,cpu,cpu,early_late_boundary,64,1,5,35,0.015226768000502489,0.014962316749915772,0.01680613400094444,0.018563103599626627,65.67381863091364,59.50208417615877,66.83456958666707,0.0584845339981257,0.05627885500143748,0.060717957003362244,1.0,6438912.0,459288576.0,0
rq4.v1,ijcnn_balanced_n4,rulerunner_original_flat,rulerunner,original,flat_cilp,deployment,end_to_end,cpu,cpu,early_late_boundary,64,64,5,35,0.0008817547187618402,0.0008724878593966423,0.0010041224375072488,0.06862006660085171,1134.1022380965535,995.8944872126522,1146.1477534960052,0.0584845339981257,0.05627885500143748,0.060717957003362244,1.0,6438912.0,459288576.0,0
rq4.v1,ijcnn_balanced_n4,rulerunner_progression_flat,rulerunner,progression,flat_cilp,capacity,core_native,cpu,cpu,uniform_bernoulli_p0.5,64,1,5,35,0.004292222428505609,0.004206406499785468,0.004500232416527676,0.004551141024937048,232.97953837591837,222.2107454555842,237.7326109711463,0.054926564000197686,0.0541574179987947,0.05541887900108122,1.0,4825088.0,456765440.0,0
rq4.v1,ijcnn_balanced_n4,rulerunner_progression_flat,rulerunner,progression,flat_cilp,capacity,core_native,cpu,cpu,uniform_bernoulli_p0.5,64,32,5,35,0.00018999208748482488,0.0001868356093723378,0.00019043042578914537,0.006694127550035772,5263.377087110916,5251.261692326691,5352.298758033523,0.054926564000197686,0.0541574179987947,0.05541887900108122,1.0,4825088.0,456765440.0,0
rq4.v1,ijcnn_balanced_n4,rulerunner_progression_flat,rulerunner,progression,flat_cilp,capacity,core_native,cpu,cpu,uniform_bernoulli_p0.5,64,128,5,35,8.822556445409191e-05,8.729016015962543e-05,8.961215624481156e-05,0.012019738425078684,11334.583192384664,11159.200290506333,11456.044967397514,0.054926564000197686,0.0541574179987947,0.05541887900108122,1.0,4825088.0,456765440.0,0
rq4.v1,ijcnn_balanced_n4,rulerunner_progression_flat,rulerunner,progression,flat_cilp,capacity,end_to_end,cpu,cpu,uniform_bernoulli_p0.5,64,1,5,35,0.004395731749961366,0.0043881564167046845,0.004578480916885989,0.004636843049956951,227.49340880702943,218.4130540572703,227.88613372878734,0.057194065000658156,0.0544624530011788,0.06045840500155464,1.0,4825088.0,458244096.0,0
rq4.v1,ijcnn_balanced_n4,rulerunner_progression_flat,rulerunner,progression,flat_cilp,capacity,end_to_end,cpu,cpu,uniform_bernoulli_p0.5,64,32,5,35,0.000273729546904633,0.00026921866666877275,0.00028950101041876525,0.009506037299676487,3653.240986616613,3454.219377519591,3714.452687748907,0.057194065000658156,0.0544624530011788,0.06045840500155464,1.0,4825088.0,458244096.0,0
rq4.v1,ijcnn_balanced_n4,rulerunner_progression_flat,rulerunner,progression,flat_cilp,capacity,end_to_end,cpu,cpu,uniform_bernoulli_p0.5,64,128,5,35,0.00016688581249013623,0.00016346207422657244,0.00017387530078849522,0.023073972000020145,5992.121110109973,5751.248138551987,6117.627007558428,0.057194065000658156,0.0544624530011788,0.06045840500155464,1.0,4825088.0,458244096.0,0
rq4.v1,ijcnn_balanced_n4,rulerunner_progression_flat,rulerunner,progression,flat_cilp,deployment,end_to_end,cpu,cpu,early_late_boundary,64,1,5,35,0.00451762608311886,0.0043871186665758915,0.004587094500190385,0.004778118444913464,221.35519443203322,218.00292101209067,227.94003900981585,0.05428185199707514,0.05400823799936916,0.054827421001391485,1.0,4882432.0,456380416.0,0
rq4.v1,ijcnn_balanced_n4,rulerunner_progression_flat,rulerunner,progression,flat_cilp,deployment,end_to_end,cpu,cpu,early_late_boundary,64,64,5,35,0.00018665631640146785,0.0001825178945296102,0.00019799071093018483,0.01277598612532529,5357.439915663825,5050.742003510551,5478.914835047959,0.05428185199707514,0.05400823799936916,0.054827421001391485,1.0,4882432.0,456380416.0,0
rq4.v1,ijcnn_balanced_n4,symbolic_guarded,symbolic_dfa,canonical_dfa,guarded_edges,capacity,core_native,cpu,cpu,uniform_bernoulli_p0.5,64,1,5,35,6.1027438597081705e-05,6.013058719886842e-05,6.28339170485891e-05,6.53016769240606e-05,16386.07195367068,15914.97151493366,16630.4712224533,0.1096028789979755,0.10877139199874364,0.11298564699973213,1.0,909312.0,444502016.0,0
rq4.v1,ijcnn_balanced_n4,symbolic_guarded,symbolic_dfa,canonical_dfa,guarded_edges,capacity,core_native,cpu,cpu,uniform_bernoulli_p0.5,64,32,5,35,6.117727120421737e-05,5.953178124400438e-05,6.173491947090672e-05,0.002025975965351301,16345.93992696855,16198.287915014796,16797.750362974617,0.1096028789979755,0.10877139199874364,0.11298564699973213,1.0,909312.0,444502016.0,0
rq4.v1,ijcnn_balanced_n4,symbolic_guarded,symbolic_dfa,canonical_dfa,guarded_edges,capacity,core_native,cpu,cpu,uniform_bernoulli_p0.5,64,128,5,35,5.9554812499603336e-05,5.9100096681419245e-05,6.13076718754731e-05,0.008078861783663646,16791.254275322593,16311.172311863018,16920.446093185405,0.1096028789979755,0.10877139199874364,0.11298564699973213,1.0,909312.0,444502016.0,0
rq4.v1,ijcnn_balanced_n4,symbolic_guarded,symbolic_dfa,canonical_dfa,guarded_edges,capacity,core_native,cuda,cpu,uniform_bernoulli_p0.5,64,1,5,35,5.23730897670859e-05,5.16510056943376e-05,5.280990098268091e-05,5.5201104687683864e-05,19093.7751514606,18935.84311638743,19360.70724194298,0.09636317100012093,0.09510453199982294,0.10194943000169587,1.0,937984.0,444678144.0,0
rq4.v1,ijcnn_balanced_n4,symbolic_guarded,symbolic_dfa,canonical_dfa,guarded_edges,capacity,core_native,cuda,cpu,uniform_bernoulli_p0.5,64,32,5,35,5.174939791838066e-05,5.141261198104985e-05,5.239482904324391e-05,0.0016830885588106134,19323.896320053882,19085.852903053717,19450.48036790252,0.09636317100012093,0.09510453199982294,0.10194943000169587,1.0,937984.0,444678144.0,0
rq4.v1,ijcnn_balanced_n4,symbolic_guarded,symbolic_dfa,canonical_dfa,guarded_edges,capacity,core_native,cuda,cpu,uniform_bernoulli_p0.5,64,128,5,35,5.0818090823412376e-05,5.0367217774294204e-05,5.142821581927137e-05,0.006691859500006103,19678.031657562595,19444.57889642122,19854.183816171946,0.09636317100012093,0.09510453199982294,0.10194943000169587,1.0,937984.0,444678144.0,0
rq4.v1,ijcnn_balanced_n4,symbolic_guarded,symbolic_dfa,canonical_dfa,guarded_edges,capacity,end_to_end,cpu,cpu,uniform_bernoulli_p0.5,64,1,5,35,0.00013665789323151026,0.00013390306938154418,0.00013964816341574144,0.00014280741139660347,7317.542926744186,7160.853215254515,7468.088704901858,0.11414765500012436,0.1081860720005352,0.11822428600135026,1.0,974848.0,446427136.0,0
rq4.v1,ijcnn_balanced_n4,symbolic_guarded,symbolic_dfa,canonical_dfa,guarded_edges,capacity,end_to_end,cpu,cpu,uniform_bernoulli_p0.5,64,32,5,35,0.00013408536456912165,0.00013188634375183028,0.00013722448437647472,0.004657183133470729,7457.935496640241,7287.329258651137,7582.286168169874,0.11414765500012436,0.1081860720005352,0.11822428600135026,1.0,974848.0,446427136.0,0
rq4.v1,ijcnn_balanced_n4,symbolic_guarded,symbolic_dfa,canonical_dfa,guarded_edges,capacity,end_to_end,cpu,cpu,uniform_bernoulli_p0.5,64,128,5,35,0.0001332077929703246,0.00013173501562846468,0.00013513112108398673,0.017728631350291835,7507.068300596913,7400.219815970296,7590.9961769035135,0.11414765500012436,0.1081860720005352,0.11822428600135026,1.0,974848.0,446427136.0,0
rq4.v1,ijcnn_balanced_n4,symbolic_guarded,symbolic_dfa,canonical_dfa,guarded_edges,capacity,end_to_end,cuda,cpu,uniform_bernoulli_p0.5,64,1,5,35,0.00020736463768011217,0.00020319228368094653,0.00022016879043964283,0.0002271375968137687,4822.423008992664,4541.969813265338,4921.446729592373,0.17626928900062921,0.17092042500007665,0.1871386889979476,1.0,921600.0,446095360.0,0
rq4.v1,ijcnn_balanced_n4,symbolic_guarded,symbolic_dfa,canonical_dfa,guarded_edges,capacity,end_to_end,cuda,cpu,uniform_bernoulli_p0.5,64,32,5,35,0.00021054006249698887,0.00020276559374110548,0.00021195955469011096,0.007352297262423235,4749.689860162846,4717.881208337221,4931.803179965615,0.17626928900062921,0.17092042500007665,0.1871386889979476,1.0,921600.0,446095360.0,0
rq4.v1,ijcnn_balanced_n4,symbolic_guarded,symbolic_dfa,canonical_dfa,guarded_edges,capacity,end_to_end,cuda,cpu,uniform_bernoulli_p0.5,64,128,5,35,0.00020526676561871682,0.00020166703124857577,0.00021139260938696225,0.02842459450021124,4871.709246188936,4730.5343498053035,4958.668721450038,0.17626928900062921,0.17092042500007665,0.1871386889979476,1.0,921600.0,446095360.0,0
rq4.v1,ijcnn_balanced_n4,symbolic_guarded,symbolic_dfa,canonical_dfa,guarded_edges,deployment,end_to_end,cpu,cpu,early_late_boundary,64,1,5,35,0.0001469251640552708,0.0001449109974452526,0.00014759045052414876,0.00015576148723444778,6806.186036476478,6775.506114715598,6900.787501499326,0.11084226700040745,0.10877818900189595,0.11304400600056397,1.0,921600.0,444121088.0,0
rq4.v1,ijcnn_balanced_n4,symbolic_guarded,symbolic_dfa,canonical_dfa,guarded_edges,deployment,end_to_end,cpu,cpu,early_late_boundary,64,64,5,35,0.00012149268746952657,0.00011993681255262345,0.00012673923436068435,0.008471393000218085,8230.948058094651,7890.2165145965955,8337.723662292929,0.11084226700040745,0.10877818900189595,0.11304400600056397,0.677001953125,921600.0,444121088.0,0
rq4.v1,ijcnn_balanced_n4,symbolic_guarded,symbolic_dfa,canonical_dfa,guarded_edges,deployment,end_to_end,cuda,cpu,early_late_boundary,64,1,5,35,0.00012734568433444207,0.0001261777753328483,0.00012780167117353312,0.0001291958388844933,7852.641455628338,7824.623816085852,7925.325972518289,0.09668891700130189,0.0947416359995259,0.09865770699980203,1.0,1015808.0,444297216.0,0
rq4.v1,ijcnn_balanced_n4,symbolic_guarded,symbolic_dfa,canonical_dfa,guarded_edges,deployment,end_to_end,cuda,cpu,early_late_boundary,64,64,5,35,0.00010619915622100962,0.00010506012500854922,0.00010876223439026944,0.0073665317009727,9416.27067091676,9194.36793116735,9518.359129295015,0.09668891700130189,0.0947416359995259,0.09865770699980203,0.677001953125,1015808.0,444297216.0,0
rq4.v1,nested_next_control,deepdfa_dense,deepdfa,fixed_dfa,dense,capacity,core_native,cpu,cpu,uniform_bernoulli_p0.5,64,1,5,35,0.0012170834999475726,0.0011682374399970285,0.0012972955714108789,0.0013372313207972702,821.6363134025531,770.8343588288412,855.9903712746474,0.06833245499728946,0.0667444249993423,0.07153033599752234,1.0,3776512.0,450793472.0,0
rq4.v1,nested_next_control,deepdfa_dense,deepdfa,fixed_dfa,dense,capacity,core_native,cpu,cpu,uniform_bernoulli_p0.5,64,32,5,35,9.045950521150796e-05,8.922793905981052e-05,9.257281249688276e-05,0.0030898181350676166,11054.670237935186,10802.307643333981,11207.252016990871,0.06833245499728946,0.0667444249993423,0.07153033599752234,1.0,3776512.0,450793472.0,0
rq4.v1,nested_next_control,deepdfa_dense,deepdfa,fixed_dfa,dense,capacity,core_native,cpu,cpu,uniform_bernoulli_p0.5,64,128,5,35,8.260313867225477e-05,8.033458984376314e-05,8.532911132874688e-05,0.012884449425473574,12106.077518043341,11719.329832784815,12447.938079285981,0.06833245499728946,0.0667444249993423,0.07153033599752234,1.0,3776512.0,450793472.0,0
rq4.v1,nested_next_control,deepdfa_dense,deepdfa,fixed_dfa,dense,capacity,end_to_end,cpu,cpu,uniform_bernoulli_p0.5,64,1,5,35,0.0012354584347201087,0.0012229837916493125,0.0012927832353050368,0.0013735859155091588,809.4161421355698,773.52488235512,817.6723247095555,0.06835334900097223,0.06747671000266564,0.06904841200230294,1.0,3821568.0,452579328.0,0
rq4.v1,nested_next_control,deepdfa_dense,deepdfa,fixed_dfa,dense,capacity,end_to_end,cpu,cpu,uniform_bernoulli_p0.5,64,32,5,35,0.0001314854218727695,0.0001294692366075521,0.00013502033705695534,0.004699148207068251,7605.405875091154,7406.2916875860865,7723.842560616973,0.06835334900097223,0.06747671000266564,0.06904841200230294,1.0,3821568.0,452579328.0,0
rq4.v1,nested_next_control,deepdfa_dense,deepdfa,fixed_dfa,dense,capacity,end_to_end,cpu,cpu,uniform_bernoulli_p0.5,64,128,5,35,0.00013482190234981317,0.00013343433984402964,0.00013854797656165374,0.019567639550223247,7417.192478158099,7217.716381119437,7494.32268461696,0.06835334900097223,0.06747671000266564,0.06904841200230294,1.0,3821568.0,452579328.0,0
rq4.v1,nested_next_control,deepdfa_dense,deepdfa,fixed_dfa,dense,deployment,end_to_end,cpu,cpu,fixed_horizon_balanced,64,1,5,35,0.0012179660951958447,0.00120448644113768,0.0012472236315883684,0.0013411551266326567,821.0409172672441,801.7808311781879,830.2293540601956,0.06630552600108786,0.06571430600160966,0.06777760499971919,1.0,3833856.0,450088960.0,0
rq4.v1,nested_next_control,deepdfa_dense,deepdfa,fixed_dfa,dense,deployment,end_to_end,cpu,cpu,fixed_horizon_balanced,64,64,5,35,0.00011139641406998635,0.00010907080859112739,0.00011355608593532907,0.007773674125564865,8976.94964733547,8806.221100025467,9168.355978258945,0.06630552600108786,0.06571430600160966,0.06777760499971919,1.0,3833856.0,450088960.0,0
rq4.v1,nested_next_control,deepdfa_factored,deepdfa,fixed_dfa,factored_cubes,capacity,core_native,cpu,cpu,uniform_bernoulli_p0.5,64,1,5,35,0.002274386500024169,0.002260984923151017,0.0023827103499570513,0.002525029280515156,439.6790079387885,419.6901230642764,442.2851252835211,0.06958379700154183,0.06843740100157447,0.073378290002438,1.0,4665344.0,452227072.0,0
rq4.v1,nested_next_control,deepdfa_factored,deepdfa,fixed_dfa,factored_cubes,capacity,core_native,cpu,cpu,uniform_bernoulli_p0.5,64,32,5,35,0.0001234794598222574,0.0001221163504478032,0.00012547824686635068,0.004287796438766235,8098.512914127181,7969.508858895036,8188.911610386153,0.06958379700154183,0.06843740100157447,0.073378290002438,1.0,4665344.0,452227072.0,0
rq4.v1,nested_next_control,deepdfa_factored,deepdfa,fixed_dfa,factored_cubes,capacity,core_native,cpu,cpu,uniform_bernoulli_p0.5,64,128,5,35,6.926554687917512e-05,6.769045051650362e-05,7.15932304681625e-05,0.009686693516535646,14437.192010399802,13967.801054105246,14773.132581769269,0.06958379700154183,0.06843740100157447,0.073378290002438,1.0,4665344.0,452227072.0,0
rq4.v1,nested_next_control,deepdfa_factored,deepdfa,fixed_dfa,factored_cubes,capacity,end_to_end,cpu,cpu,uniform_bernoulli_p0.5,64,1,5,35,0.0023423873181772333,0.0022743563182633475,0.0024593737272715025,0.002646313181870054,426.91487963577526,406.60758017831955,439.6848426826891,0.07017015100063873,0.06817098500323482,0.07970905899856007,1.0,4558848.0,454094848.0,0
rq4.v1,nested_next_control,deepdfa_factored,deepdfa,fixed_dfa,factored_cubes,capacity,end_to_end,cpu,cpu,uniform_bernoulli_p0.5,64,32,5,35,0.00016367526250178345,0.00015942518228939662,0.0001678771656315803,0.005736346219746337,6109.658751817207,5956.736261526949,6272.534775495817,0.07017015100063873,0.06817098500323482,0.07970905899856007,1.0,4558848.0,454094848.0,0
rq4.v1,nested_next_control,deepdfa_factored,deepdfa,fixed_dfa,factored_cubes,capacity,end_to_end,cpu,cpu,uniform_bernoulli_p0.5,64,128,5,35,0.00010755209570589841,0.00010698623633231819,0.00011077463085484851,0.014821241675326747,9297.819753642956,9027.337688087911,9346.99671922118,0.07017015100063873,0.06817098500323482,0.07970905899856007,1.0,4558848.0,454094848.0,0
rq4.v1,nested_next_control,deepdfa_factored,deepdfa,fixed_dfa,factored_cubes,deployment,end_to_end,cpu,cpu,fixed_horizon_balanced,64,1,5,35,0.002318681416909385,0.0022128632499516243,0.0026486112728889566,0.002832963781871843,431.2796025824536,377.5563482025266,451.9032073138099,0.071267010000156,0.06787309200080927,0.07588602200121386,1.0,4608000.0,451923968.0,0
rq4.v1,nested_next_control,deepdfa_factored,deepdfa,fixed_dfa,factored_cubes,deployment,end_to_end,cpu,cpu,fixed_horizon_balanced,64,64,5,35,0.00012326096875388734,0.00012174941144849072,0.00013389772395081914,0.009157402067042615,8112.8682510737,7468.386844031058,8213.592066710533,0.071267010000156,0.06787309200080927,0.07588602200121386,1.0,4608000.0,451923968.0,0
rq4.v1,nested_next_control,rulerunner_bounded_flat_default,rulerunner,bounded_default,flat_cilp,capacity,core_native,cpu,cpu,uniform_bernoulli_p0.5,64,1,5,35,0.008371047500077111,0.008327187667115746,0.008691507999780393,0.009250243750102527,119.45936276084784,115.05483283513826,120.08856290690106,0.1268870500025514,0.12498992700056988,0.13011373999688658,1.0,7159808.0,464723968.0,0
rq4.v1,nested_next_control,rulerunner_bounded_flat_default,rulerunner,bounded_default,flat_cilp,capacity,core_native,cpu,cpu,uniform_bernoulli_p0.5,64,32,5,35,0.001021500625029148,0.0009878218437506803,0.0011540065625013085,0.03930322169908322,978.9519218076498,866.5461986910201,1012.3282921170079,0.1268870500025514,0.12498992700056988,0.13011373999688658,1.0,7159808.0,464723968.0,0
rq4.v1,nested_next_control,rulerunner_bounded_flat_default,rulerunner,bounded_default,flat_cilp,capacity,core_native,cpu,cpu,uniform_bernoulli_p0.5,64,128,5,35,0.0016545008047046394,0.001529825375001792,0.0017504156328129739,0.31307044940149353,604.4119151568013,571.292886817383,653.6693771332094,0.1268870500025514,0.12498992700056988,0.13011373999688658,1.0,7159808.0,464723968.0,0
rq4.v1,nested_next_control,rulerunner_bounded_flat_default,rulerunner,bounded_default,flat_cilp,capacity,end_to_end,cpu,cpu,uniform_bernoulli_p0.5,64,1,5,35,0.008264059499803503,0.008233499500420294,0.010388261666472923,0.011180025900163551,121.0059051515514,96.26249627764,121.45503864413342,0.12725318200318725,0.1245638609980233,0.13382150100005674,1.0,7159808.0,467046400.0,0
rq4.v1,nested_next_control,rulerunner_bounded_flat_default,rulerunner,bounded_default,flat_cilp,capacity,end_to_end,cpu,cpu,uniform_bernoulli_p0.5,64,32,5,35,0.0010848154687437273,0.0010549016250251952,0.00109911175002253,0.03768360460089752,921.8157638902882,909.8255932388146,947.9556920543336,0.12725318200318725,0.1245638609980233,0.13382150100005674,1.0,7159808.0,467046400.0,0
rq4.v1,nested_next_control,rulerunner_bounded_flat_default,rulerunner,bounded_default,flat_cilp,capacity,end_to_end,cpu,cpu,uniform_bernoulli_p0.5,64,128,5,35,0.0017926745156273682,0.0015354050546818598,0.0020585068124887584,0.2950922744992567,557.8257465494443,485.7890165498109,651.2939350764367,0.12725318200318725,0.1245638609980233,0.13382150100005674,1.0,7159808.0,467046400.0,0
rq4.v1,nested_next_control,rulerunner_bounded_flat_default,rulerunner,bounded_default,flat_cilp,deployment,end_to_end,cpu,cpu,fixed_horizon_balanced,64,1,5,35,0.008015143500112268,0.007889594500132565,0.008168474333312284,0.008401171449865309,124.76382986605205,122.42188188335825,126.74922646318483,0.12911923399951775,0.12448457199934637,0.13101170000300044,1.0,7159808.0,459976704.0,0
rq4.v1,nested_next_control,rulerunner_bounded_flat_default,rulerunner,bounded_default,flat_cilp,deployment,end_to_end,cpu,cpu,fixed_horizon_balanced,64,64,5,35,0.0008472658281561962,0.0008419260624918934,0.0008663310312613248,0.10552759599886484,1180.2671213309534,1154.2931788372643,1187.7527547255715,0.12911923399951775,0.12448457199934637,0.13101170000300044,1.0,7159808.0,459976704.0,0
rq4.v1,nested_next_control,rulerunner_bounded_flat_exact,rulerunner,bounded_exact_online,flat_cilp,capacity,core_native,cpu,cpu,uniform_bernoulli_p0.5,64,1,5,35,0.008657986000495535,0.008332635999977356,0.008783626833367938,0.00919686581667823,115.50030225768043,113.84818810848392,120.01004244067754,0.16866633700192324,0.16268738099824986,0.17206656700000167,1.0,7430144.0,464031744.0,0
rq4.v1,nested_next_control,rulerunner_bounded_flat_exact,rulerunner,bounded_exact_online,flat_cilp,capacity,core_native,cpu,cpu,uniform_bernoulli_p0.5,64,32,5,35,0.0010337383437217795,0.0010119284999063893,0.001074638031241193,0.034945601799699945,967.3627819586231,930.5458870137073,988.2121119155229,0.16866633700192324,0.16268738099824986,0.17206656700000167,1.0,7430144.0,464031744.0,0
rq4.v1,nested_next_control,rulerunner_bounded_flat_exact,rulerunner,bounded_exact_online,flat_cilp,capacity,core_native,cpu,cpu,uniform_bernoulli_p0.5,64,128,5,35,0.0019034021484287678,0.0017604000156268285,0.001960891804685616,0.29796581459995647,525.3750505774548,509.97204313387755,568.0527102494534,0.16866633700192324,0.16268738099824986,0.17206656700000167,1.0,7430144.0,464031744.0,0
rq4.v1,nested_next_control,rulerunner_bounded_flat_exact,rulerunner,bounded_exact_online,flat_cilp,capacity,end_to_end,cpu,cpu,uniform_bernoulli_p0.5,64,1,5,35,0.00842031316703166,0.008138917500521833,0.0086449433335171,0.00893071606678859,118.76042852127333,115.67455811108955,122.86646227042898,0.16538773000138463,0.16102306099855923,0.17782462400282384,1.0,7430144.0,707989504.0,0
rq4.v1,nested_next_control,rulerunner_bounded_flat_exact,rulerunner,bounded_exact_online,flat_cilp,capacity,end_to_end,cpu,cpu,uniform_bernoulli_p0.5,64,32,5,35,0.0010783428750755775,0.0010483825936944413,0.0011201371562492568,0.03699374759926286,927.3488267170247,892.7478161232217,953.8502508669628,0.16538773000138463,0.16102306099855923,0.17782462400282384,1.0,7430144.0,707989504.0,0
rq4.v1,nested_next_control,rulerunner_bounded_flat_exact,rulerunner,bounded_exact_online,flat_cilp,capacity,end_to_end,cpu,cpu,uniform_bernoulli_p0.5,64,128,5,35,0.0019158183671947882,0.001753632437498709,0.002108070367171422,0.33004960509970255,521.9701497403623,474.36746684209857,570.2449262550986,0.16538773000138463,0.16102306099855923,0.17782462400282384,1.0,7430144.0,707989504.0,0
rq4.v1,nested_next_control,rulerunner_bounded_flat_exact,rulerunner,bounded_exact_online,flat_cilp,deployment,end_to_end,cpu,cpu,fixed_horizon_balanced,64,1,5,35,0.008018315499915237,0.007960196166701886,0.008230984333446637,0.008518154366356612,124.7144740077353,121.49215203052886,125.62504479262422,0.15776212100172415,0.1575750820011308,0.17054268200081424,1.0,7430144.0,459816960.0,0
rq4.v1,nested_next_control,rulerunner_bounded_flat_exact,rulerunner,bounded_exact_online,flat_cilp,deployment,end_to_end,cpu,cpu,fixed_horizon_balanced,64,64,5,35,0.0008490194375099236,0.0008274487187236446,0.0008639184999879035,0.05796750130284636,1177.8293356073036,1157.5165944634846,1208.5341089687336,0.15776212100172415,0.1575750820011308,0.17054268200081424,1.0,7430144.0,459816960.0,0
rq4.v1,nested_next_control,rulerunner_original_flat,rulerunner,original,flat_cilp,capacity,core_native,cpu,cpu,uniform_bernoulli_p0.5,64,1,5,35,0.007973454499733634,0.007757725333552419,0.00835170150033567,0.008657913050046772,125.41615431973764,119.73608012209347,128.90376457064892,0.05556006999904639,0.053409983000165084,0.06182695999814314,1.0,5169152.0,456007680.0,0
rq4.v1,nested_next_control,rulerunner_original_flat,rulerunner,original,flat_cilp,capacity,core_native,cpu,cpu,uniform_bernoulli_p0.5,64,32,5,35,0.00029447239063529196,0.0002865640624918342,0.0003049539374918216,0.010016134666693688,3395.904104431011,3279.183762061831,3489.621103583062,0.05556006999904639,0.053409983000165084,0.06182695999814314,1.0,5169152.0,456007680.0,0
rq4.v1,nested_next_control,rulerunner_original_flat,rulerunner,original,flat_cilp,capacity,core_native,cpu,cpu,uniform_bernoulli_p0.5,64,128,5,35,0.00010603579687540332,0.00010508838280998134,0.00010935358203312262,0.015346138149652688,9430.777430522294,9144.647860708443,9515.799684615753,0.05556006999904639,0.053409983000165084,0.06182695999814314,1.0,5169152.0,456007680.0,0
rq4.v1,nested_next_control,rulerunner_original_flat,rulerunner,original,flat_cilp,capacity,end_to_end,cpu,cpu,uniform_bernoulli_p0.5,64,1,5,35,0.0078014863332403666,0.007673004750358814,0.00821884733340994,0.009023170600024362,128.18070266164878,121.67156286441292,130.3270403883481,0.056219406997115584,0.053421806998812826,0.06317219900302007,1.0,5222400.0,457641984.0,0
rq4.v1,nested_next_control,rulerunner_original_flat,rulerunner,original,flat_cilp,capacity,end_to_end,cpu,cpu,uniform_bernoulli_p0.5,64,32,5,35,0.00034123849218303803,0.0003224469921860873,0.0003471224687245922,0.0114315038001223,2930.501754367168,2880.82763318154,3101.284937472421,0.056219406997115584,0.053421806998812826,0.06317219900302007,1.0,5222400.0,457641984.0,0
rq4.v1,nested_next_control,rulerunner_original_flat,rulerunner,original,flat_cilp,capacity,end_to_end,cpu,cpu,uniform_bernoulli_p0.5,64,128,5,35,0.00014533833984842204,0.00014290894922908137,0.00015399641016244914,0.020557986450330645,6880.496922167486,6493.657864784711,6997.462408019051,0.056219406997115584,0.053421806998812826,0.06317219900302007,1.0,5222400.0,457641984.0,0
rq4.v1,nested_next_control,rulerunner_original_flat,rulerunner,original,flat_cilp,deployment,end_to_end,cpu,cpu,fixed_horizon_balanced,64,1,5,35,0.00783203583341674,0.007634997833520174,0.007922096999512481,0.008424300599835987,127.68072328440155,126.22920421973362,130.97580664786415,0.053886679001152515,0.05273819699868909,0.05548296499910066,1.0,5165056.0,454918144.0,0
rq4.v1,nested_next_control,rulerunner_original_flat,rulerunner,original,flat_cilp,deployment,end_to_end,cpu,cpu,fixed_horizon_balanced,64,64,5,35,0.0002070734648356165,0.00020160851953221481,0.00020837282421837244,0.015008869899884297,4829.203977408894,4799.090302447554,4960.107848221221,0.053886679001152515,0.05273819699868909,0.05548296499910066,1.0,5165056.0,454918144.0,0
rq4.v1,nested_next_control,rulerunner_progression_flat,rulerunner,progression,flat_cilp,capacity,core_native,cpu,cpu,uniform_bernoulli_p0.5,64,1,5,35,0.004400361999917853,0.004217720833366911,0.004470667666585844,0.00464610203319656,227.25403046809973,223.68023628195098,237.09487647662127,0.05768508199980715,0.053902042000117945,0.05895944499934558,1.0,4825088.0,455262208.0,0
rq4.v1,nested_next_control,rulerunner_progression_flat,rulerunner,progression,flat_cilp,capacity,core_native,cpu,cpu,uniform_bernoulli_p0.5,64,32,5,35,0.00016677998750083133,0.00016357218437406117,0.00017012800000202333,0.005673633639889885,5995.92322187346,5877.927207679553,6113.508869657042,0.05768508199980715,0.053902042000117945,0.05895944499934558,1.0,4825088.0,455262208.0,0
rq4.v1,nested_next_control,rulerunner_progression_flat,rulerunner,progression,flat_cilp,capacity,core_native,cpu,cpu,uniform_bernoulli_p0.5,64,128,5,35,6.444299479350472e-05,6.131651952993404e-05,6.63410468746406e-05,0.008817740400263573,15517.590441044975,15073.624054947768,16308.818694639234,0.05768508199980715,0.053902042000117945,0.05895944499934558,1.0,4825088.0,455262208.0,0
rq4.v1,nested_next_control,rulerunner_progression_flat,rulerunner,progression,flat_cilp,capacity,end_to_end,cpu,cpu,uniform_bernoulli_p0.5,64,1,5,35,0.004348828833220371,0.00423107483311469,0.004653220916528274,0.0051187692917361955,229.94696695374083,214.90490521264377,236.3465642756911,0.05603630800032988,0.05434377200072049,0.062286510998092126,1.0,4825088.0,457162752.0,0
rq4.v1,nested_next_control,rulerunner_progression_flat,rulerunner,progression,flat_cilp,capacity,end_to_end,cpu,cpu,uniform_bernoulli_p0.5,64,32,5,35,0.00020461691796924697,0.00020153599609784578,0.00021351111328726802,0.007119947862565822,4887.1814213832295,4683.596954761565,4961.892760410402,0.05603630800032988,0.05434377200072049,0.062286510998092126,1.0,4825088.0,457162752.0,0
rq4.v1,nested_next_control,rulerunner_progression_flat,rulerunner,progression,flat_cilp,capacity,end_to_end,cpu,cpu,uniform_bernoulli_p0.5,64,128,5,35,0.00010285241992136207,0.0001014313750005158,0.00010660517382632406,0.014528024974879372,9722.66866219162,9380.407761720375,9858.882421685743,0.05603630800032988,0.05434377200072049,0.062286510998092126,1.0,4825088.0,457162752.0,0
rq4.v1,nested_next_control,rulerunner_progression_flat,rulerunner,progression,flat_cilp,deployment,end_to_end,cpu,cpu,fixed_horizon_balanced,64,1,5,35,0.004309047583471208,0.004216054000001653,0.004559414750171224,0.004733008511972175,232.0698438875064,219.3263948980395,237.18861285922998,0.054602381998847704,0.0539568620006321,0.056976667001436,1.0,4829184.0,454447104.0,0
rq4.v1,nested_next_control,rulerunner_progression_flat,rulerunner,progression,flat_cilp,deployment,end_to_end,cpu,cpu,fixed_horizon_balanced,64,64,5,35,0.00013111142969535194,0.00012961819270647842,0.00013729759115221896,0.009302547833491796,7627.100111131282,7283.448978295045,7714.966387970777,0.054602381998847704,0.0539568620006321,0.056976667001436,1.0,4829184.0,454447104.0,0
rq4.v1,nested_next_control,symbolic_guarded,symbolic_dfa,canonical_dfa,guarded_edges,capacity,core_native,cpu,cpu,uniform_bernoulli_p0.5,64,1,5,35,5.975384497840296e-05,5.7466236994829904e-05,6.0192742204554356e-05,6.276506320958157e-05,16735.32473703464,16613.298603371106,17401.52222060351,0.06803127499733819,0.06404030699923169,0.06851351099976455,1.0,0.0,442916864.0,0
rq4.v1,nested_next_control,symbolic_guarded,symbolic_dfa,canonical_dfa,guarded_edges,capacity,core_native,cpu,cpu,uniform_bernoulli_p0.5,64,32,5,35,5.7987321876377486e-05,5.731508300854671e-05,5.950467773629953e-05,0.001959725817758746,17245.14889878668,16805.40149182208,17447.414319383992,0.06803127499733819,0.06404030699923169,0.06851351099976455,1.0,0.0,442916864.0,0
rq4.v1,nested_next_control,symbolic_guarded,symbolic_dfa,canonical_dfa,guarded_edges,capacity,core_native,cpu,cpu,uniform_bernoulli_p0.5,64,128,5,35,5.709313671786731e-05,5.510548730569553e-05,6.002105859437279e-05,0.007978172587445442,17515.24014071292,16660.819109474254,18147.013099667172,0.06803127499733819,0.06404030699923169,0.06851351099976455,1.0,0.0,442916864.0,0
rq4.v1,nested_next_control,symbolic_guarded,symbolic_dfa,canonical_dfa,guarded_edges,capacity,core_native,cuda,cpu,uniform_bernoulli_p0.5,64,1,5,35,8.853712335478217e-05,8.667829042498834e-05,8.912125955178969e-05,9.698051123626084e-05,11294.697208456195,11220.667268721501,11536.914204202067,0.09873273500124924,0.0982697779982118,0.10419093499876908,1.0,0.0,442732544.0,0
rq4.v1,nested_next_control,symbolic_guarded,symbolic_dfa,canonical_dfa,guarded_edges,capacity,core_native,cuda,cpu,uniform_bernoulli_p0.5,64,32,5,35,8.766654687204007e-05,8.533278835123134e-05,8.883136718509376e-05,0.002973123698572765,11406.85969369389,11257.284804773373,11718.824842380416,0.09873273500124924,0.0982697779982118,0.10419093499876908,1.0,0.0,442732544.0,0
rq4.v1,nested_next_control,symbolic_guarded,symbolic_dfa,canonical_dfa,guarded_edges,capacity,core_native,cuda,cpu,uniform_bernoulli_p0.5,64,128,5,35,8.583687890251213e-05,8.57211816409631e-05,8.71314589829808e-05,0.012346818500282096,11650.004203155315,11476.91099945116,11665.728129932073,0.09873273500124924,0.0982697779982118,0.10419093499876908,1.0,0.0,442732544.0,0
rq4.v1,nested_next_control,symbolic_guarded,symbolic_dfa,canonical_dfa,guarded_edges,capacity,end_to_end,cpu,cpu,uniform_bernoulli_p0.5,64,1,5,35,9.902356713716116e-05,9.888799804258497e-05,0.00010425173374043392,0.00010569814429724335,10098.606108734333,9592.166615567286,10112.450649161303,0.06737711300229421,0.06415904000095907,0.07719703199836658,1.0,0.0,444645376.0,0
rq4.v1,nested_next_control,symbolic_guarded,symbolic_dfa,canonical_dfa,guarded_edges,capacity,end_to_end,cpu,cpu,uniform_bernoulli_p0.5,64,32,5,35,9.744459201657365e-05,9.608064757079167e-05,0.000103746894094709,0.0034903973555628904,10262.242155315476,9638.842769472354,10407.923190392798,0.06737711300229421,0.06415904000095907,0.07719703199836658,1.0,0.0,444645376.0,0
rq4.v1,nested_next_control,symbolic_guarded,symbolic_dfa,canonical_dfa,guarded_edges,capacity,end_to_end,cpu,cpu,uniform_bernoulli_p0.5,64,128,5,35,9.914367772978494e-05,9.464731836317242e-05,0.00010717469140786307,0.013893542199639342,10086.371848394505,9330.561038840866,10565.539703543289,0.06737711300229421,0.06415904000095907,0.07719703199836658,1.0,0.0,444645376.0,0
rq4.v1,nested_next_control,symbolic_guarded,symbolic_dfa,canonical_dfa,guarded_edges,capacity,end_to_end,cuda,cpu,uniform_bernoulli_p0.5,64,1,5,35,0.0001508277927469848,0.000144954179237209,0.00015220412868021573,0.00017752996825159395,6630.077797912951,6570.124008271959,6898.731759665643,0.10087873800148373,0.09861536199969123,0.10613457600265974,1.0,0.0,432082944.0,0
rq4.v1,nested_next_control,symbolic_guarded,symbolic_dfa,canonical_dfa,guarded_edges,capacity,end_to_end,cuda,cpu,uniform_bernoulli_p0.5,64,32,5,35,0.000145297164067415,0.00014168351822263503,0.0001485384921882845,0.00506957004169332,6882.446787027584,6732.261686973498,7057.983966975224,0.10087873800148373,0.09861536199969123,0.10613457600265974,1.0,0.0,432082944.0,0
rq4.v1,nested_next_control,symbolic_guarded,symbolic_dfa,canonical_dfa,guarded_edges,capacity,end_to_end,cuda,cpu,uniform_bernoulli_p0.5,64,128,5,35,0.00014551108593252593,0.0001405027773415668,0.00014756829688167272,0.019832146199223643,6872.328617379049,6776.523285362896,7117.297030854897,0.10087873800148373,0.09861536199969123,0.10613457600265974,1.0,0.0,432082944.0,0
rq4.v1,nested_next_control,symbolic_guarded,symbolic_dfa,canonical_dfa,guarded_edges,deployment,end_to_end,cpu,cpu,fixed_horizon_balanced,64,1,5,35,4.4295514489872934e-05,4.268152577461694e-05,4.5410579108851626e-05,4.735420859537278e-05,22575.649284503175,22021.300314249365,23429.340489854476,0.06710124600067502,0.06547730400052387,0.07873311699950136,0.046875,0.0,442540032.0,0
rq4.v1,nested_next_control,symbolic_guarded,symbolic_dfa,canonical_dfa,guarded_edges,deployment,end_to_end,cpu,cpu,fixed_horizon_balanced,64,64,5,35,4.2168362214893435e-05,4.193530255427256e-05,4.3085174996804196e-05,0.0029039703365097837,23714.461446330733,23209.839581112858,23846.256950353527,0.06710124600067502,0.06547730400052387,0.07873311699950136,0.046875,0.0,442540032.0,0
rq4.v1,nested_next_control,symbolic_guarded,symbolic_dfa,canonical_dfa,guarded_edges,deployment,end_to_end,cuda,cpu,fixed_horizon_balanced,64,1,5,35,6.541533718159445e-05,6.447482039478758e-05,6.671640603135128e-05,7.262589909038336e-05,15286.934885376766,14988.816986485774,15509.930758656976,0.10009327000079793,0.09854552099932334,0.10613794500022777,0.046875,0.0,442298368.0,0
rq4.v1,nested_next_control,symbolic_guarded,symbolic_dfa,canonical_dfa,guarded_edges,deployment,end_to_end,cuda,cpu,fixed_horizon_balanced,64,64,5,35,6.422560044581717e-05,6.304326339139672e-05,6.595688616276416e-05,0.004602159257254762,15570.11523533568,15161.419196356,15862.123027985037,0.10009327000079793,0.09854552099932334,0.10613794500022777,0.046875,0.0,442298368.0,0
